0	0	1	0	1		40	5000	4	0.5	1.0	1	-1	0	0	0	0	1	1.01	0	0	0	0	0.8400	0.1600	0.2	0.175	0.5	5	5	13	1.940	0.9	1	0	0	0	2		0.1	0.5		1	1	2019-12-01 00:25:19.621904	2019-12-01 00:25:19.888191	0:00:00.266287	0.096	0.0	0.6	0	0	
0	0	3	0	3		40	5000	4	0.5	1.0	1	-1	0	0	0	0	1	1.01	0	0	0	0	0.8550	0.1450	0.205	0.175	0.5	5	5	14	1.935	0.9	1	0	0	0	8		0.1	0.2		1	1	2019-12-01 00:25:19.623899	2019-12-01 00:25:19.902154	0:00:00.278255	0.087	0.0	0.6	0	0	
0	0	2	0	2		45	5000	4	0.4	1.0	1	-1	0	0	0	0	1	1.01	0	0	0	0	0.8500	0.1500	0.2	0.175	0	0	10	13	1.935	0.9	1	0	0	0	2		0.1	0.1		0	1	2019-12-01 00:25:19.625902	2019-12-01 00:25:19.942047	0:00:00.316145	0.05357142857142852	0.3333333333333333	0.7	0.14285714285714285	0.06666666666666667	
0	0	0	0	0		50	5000	4	0.5	1.0	1	-1	0	0	0	0	1	1.01	0	0	0	0	0.8300	0.1700	0.2	0.175	0	0	10	13	1.940	0.9	1	0	0	0	1		0.1	0.7		0	1	2019-12-01 00:25:19.623899	2019-12-01 00:25:20.101620	0:00:00.477721	0.06090476190476182	0.3333333333333333	0.7	0.14285714285714285	0.06666666666666667	
0	0	3	0	3		40	5000	4	0.5	1.0	1	-1	0	0	0	0	1	1.01	0	0	0	0	0.8550	0.1450	0.205	0.175	0.5	5	5	14	1.935	0.9	1	0	0	0	8		0.1	0.2		1	2	2019-12-01 00:25:19.623899	2019-12-01 00:25:20.160463	0:00:00.536564	0.087	0.0	0.6	0	0	
0	0	1	0	1		40	5000	4	0.5	1.0	1	-1	0	0	0	0	1	1.01	0	0	0	0	0.8400	0.1600	0.2	0.175	0.5	5	5	13	1.940	0.9	1	0	0	0	2		0.1	0.5		1	2	2019-12-01 00:25:19.621904	2019-12-01 00:25:20.232270	0:00:00.610366	0.548	0.5	0.8	0	0	
0	0	4	0	4		35	5000	4	0.5	1.0	0	0	0.01	0.01	0.09	0.09	1	1.01	0	0	0	0	0.8600	0.1400	0.205	0.175	0	0	10	13	1.930	0.9	1	0	0	0	8		0.1	0.7		0	1	2019-12-01 00:25:19.914124	2019-12-01 00:25:20.237257	0:00:00.323133	0.05341666666666661	0.3333333333333333	0.7	0.16666666666666666	0.08333333333333333	
0	0	2	0	2		45	5000	4	0.4	1.0	1	-1	0	0	0	0	1	1.01	0	0	0	0	0.8500	0.1500	0.2	0.175	0	0	10	13	1.935	0.9	1	0	0	0	2		0.1	0.1		0	2	2019-12-01 00:25:19.625902	2019-12-01 00:25:20.425753	0:00:00.799851	0.23187499999999991	0.5	0.8	0.2	0.125	
0	0	1	0	1		40	5000	4	0.5	1.0	1	-1	0	0	0	0	1	1.01	0	0	0	0	0.8400	0.1600	0.2	0.175	0.5	5	5	13	1.940	0.9	1	0	0	0	2		0.1	0.5		1	3	2019-12-01 00:25:19.621904	2019-12-01 00:25:20.430740	0:00:00.808836	0.388	0.5	0.8	0.2	0	
0	0	0	0	0		50	5000	4	0.5	1.0	1	-1	0	0	0	0	1	1.01	0	0	0	0	0.8300	0.1700	0.2	0.175	0	0	10	13	1.940	0.9	1	0	0	0	1		0.1	0.7		0	2	2019-12-01 00:25:19.623899	2019-12-01 00:25:20.459662	0:00:00.835763	0.23787499999999992	0.5	0.8	0.2	0.125	
0	0	4	0	4		35	5000	4	0.5	1.0	0	0	0.01	0.01	0.09	0.09	1	1.01	0	0	0	0	0.8600	0.1400	0.205	0.175	0	0	10	13	1.930	0.9	1	0	0	0	8		0.1	0.7		0	2	2019-12-01 00:25:19.914124	2019-12-01 00:25:20.462654	0:00:00.548530	0.19675000000000004	0.5	0.7	0.16666666666666666	0.08333333333333333	
0	0	3	0	3		40	5000	4	0.5	1.0	1	-1	0	0	0	0	1	1.01	0	0	0	0	0.8550	0.1450	0.205	0.175	0.5	5	5	14	1.935	0.9	1	0	0	0	8		0.1	0.2		1	3	2019-12-01 00:25:19.623899	2019-12-01 00:25:20.480606	0:00:00.856707	0.5435	0.5	0.8	0	0	
0	0	4	0	4		35	5000	4	0.5	1.0	0	0	0.01	0.01	0.09	0.09	1	1.01	0	0	0	0	0.8600	0.1400	0.205	0.175	0	0	10	13	1.930	0.9	1	0	0	0	8		0.1	0.7		0	3	2019-12-01 00:25:19.914124	2019-12-01 00:25:20.690046	0:00:00.775922	0.3268898809523809	0.6666666666666666	0.6666666666666666	0.14285714285714285	0.0625	
0	0	2	0	2		45	5000	4	0.4	1.0	1	-1	0	0	0	0	1	1.01	0	0	0	0	0.8500	0.1500	0.2	0.175	0	0	10	13	1.935	0.9	1	0	0	0	2		0.1	0.1		0	3	2019-12-01 00:25:19.625902	2019-12-01 00:25:20.692041	0:00:01.066139	0.23187499999999991	0.5	0.8	0.2	0.125	
0	0	3	0	3		40	5000	4	0.5	1.0	1	-1	0	0	0	0	1	1.01	0	0	0	0	0.8550	0.1450	0.205	0.175	0.5	5	5	14	1.935	0.9	1	0	0	0	8		0.1	0.2		1	4	2019-12-01 00:25:19.623899	2019-12-01 00:25:20.692041	0:00:01.068142	0.37949999999999995	0.5	0.8	0.2	0	
0	0	1	0	1		40	5000	4	0.5	1.0	1	-1	0	0	0	0	1	1.01	0	0	0	0	0.8400	0.1600	0.2	0.175	0.5	5	5	13	1.940	0.9	1	0	0	0	2		0.1	0.5		1	4	2019-12-01 00:25:19.621904	2019-12-01 00:25:20.715976	0:00:01.094072	0.8173333333333332	1.0	0.9	0.16666666666666666	0	
0	0	4	0	4		35	5000	4	0.5	1.0	0	0	0.01	0.01	0.09	0.09	1	1.01	0	0	0	0	0.8600	0.1400	0.205	0.175	0	0	10	13	1.930	0.9	1	0	0	0	8		0.1	0.7		0	4	2019-12-01 00:25:19.914124	2019-12-01 00:25:20.872558	0:00:00.958434	0.4847424242424242	0.8333333333333334	0.7	0.16666666666666666	0.09090909090909091	
0	0	3	0	3		40	5000	4	0.5	1.0	1	-1	0	0	0	0	1	1.01	0	0	0	0	0.8550	0.1450	0.205	0.175	0.5	5	5	14	1.935	0.9	1	0	0	0	8		0.1	0.2		1	5	2019-12-01 00:25:19.623899	2019-12-01 00:25:20.908462	0:00:01.284563	0.633452380952381	0.8333333333333334	0.6666666666666666	0.14285714285714285	0	
0	0	0	0	0		50	5000	4	0.5	1.0	1	-1	0	0	0	0	1	1.01	0	0	0	0	0.8300	0.1700	0.2	0.175	0	0	10	13	1.940	0.9	1	0	0	0	1		0.1	0.7		0	3	2019-12-01 00:25:19.623899	2019-12-01 00:25:20.935390	0:00:01.311491	0.6538333333333334	1.0	0.9	0.16666666666666666	0.07142857142857142	
0	0	1	0	1		40	5000	4	0.5	1.0	1	-1	0	0	0	0	1	1.01	0	0	0	0	0.8400	0.1600	0.2	0.175	0.5	5	5	13	1.940	0.9	1	0	0	0	2		0.1	0.5		1	5	2019-12-01 00:25:19.621904	2019-12-01 00:25:20.994237	0:00:01.372333	0.8173333333333332	1.0	0.9	0.16666666666666666	0	
0	0	2	0	2		45	5000	4	0.4	1.0	1	-1	0	0	0	0	1	1.01	0	0	0	0	0.8500	0.1500	0.2	0.175	0	0	10	13	1.935	0.9	1	0	0	0	2		0.1	0.1		0	4	2019-12-01 00:25:19.625902	2019-12-01 00:25:21.072024	0:00:01.446122	0.6558333333333334	1.0	0.9	0.16666666666666666	0.07142857142857142	
0	0	4	0	4		35	5000	4	0.5	1.0	0	0	0.01	0.01	0.09	0.09	1	1.01	0	0	0	0	0.8600	0.1400	0.205	0.175	0	0	10	13	1.930	0.9	1	0	0	0	8		0.1	0.7		0	5	2019-12-01 00:25:19.914124	2019-12-01 00:25:21.113912	0:00:01.199788	0.6716666666666666	1.0	1.0	0.16666666666666666	0.1	
0	0	3	0	3		40	5000	4	0.5	1.0	1	-1	0	0	0	0	1	1.01	0	0	0	0	0.8550	0.1450	0.205	0.175	0.5	5	5	14	1.935	0.9	1	0	0	0	8		0.1	0.2		1	6	2019-12-01 00:25:19.623899	2019-12-01 00:25:21.167769	0:00:01.543870	0.633452380952381	0.8333333333333334	0.6666666666666666	0.14285714285714285	0	
0	0	1	0	1		40	5000	4	0.5	1.0	1	-1	0	0	0	0	1	1.01	0	0	0	0	0.8400	0.1600	0.2	0.175	0.5	5	5	13	1.940	0.9	1	0	0	0	2		0.1	0.5		1	6	2019-12-01 00:25:19.621904	2019-12-01 00:25:21.275480	0:00:01.653576	0.8333333333333333	1.0	1.0	0.16666666666666666	0	
0	0	2	0	2		45	5000	4	0.4	1.0	1	-1	0	0	0	0	1	1.01	0	0	0	0	0.8500	0.1500	0.2	0.175	0	0	10	13	1.935	0.9	1	0	0	0	2		0.1	0.1		0	5	2019-12-01 00:25:19.625902	2019-12-01 00:25:21.320360	0:00:01.694458	0.6558333333333334	1.0	0.9	0.16666666666666666	0.07142857142857142	
0	0	4	0	4		35	5000	4	0.5	1.0	0	0	0.01	0.01	0.09	0.09	1	1.01	0	0	0	0	0.8600	0.1400	0.205	0.175	0	0	10	13	1.930	0.9	1	0	0	0	8		0.1	0.7		0	6	2019-12-01 00:25:19.914124	2019-12-01 00:25:21.351277	0:00:01.437153	0.6716666666666666	1.0	1.0	0.16666666666666666	0.1	
0	0	3	0	3		40	5000	4	0.5	1.0	1	-1	0	0	0	0	1	1.01	0	0	0	0	0.8550	0.1450	0.205	0.175	0.5	5	5	14	1.935	0.9	1	0	0	0	8		0.1	0.2		1	7	2019-12-01 00:25:19.623899	2019-12-01 00:25:21.384197	0:00:01.760298	0.8291666666666666	1.0	1.0	0.16666666666666666	0	
0	0	0	0	0		50	5000	4	0.5	1.0	1	-1	0	0	0	0	1	1.01	0	0	0	0	0.8300	0.1700	0.2	0.175	0	0	10	13	1.940	0.9	1	0	0	0	1		0.1	0.7		0	4	2019-12-01 00:25:19.623899	2019-12-01 00:25:21.502872	0:00:01.878973	0.6758333333333333	1.0	1.0	0.16666666666666666	0.1	
0	0	1	0	1		40	5000	4	0.5	1.0	1	-1	0	0	0	0	1	1.01	0	0	0	0	0.8400	0.1600	0.2	0.175	0.5	5	5	13	1.940	0.9	1	0	0	0	2		0.1	0.5		1	7	2019-12-01 00:25:19.621904	2019-12-01 00:25:21.516834	0:00:01.894930	0.8333333333333333	1.0	1.0	0.16666666666666666	0	
0	0	4	0	4		35	5000	4	0.5	1.0	0	0	0.01	0.01	0.09	0.09	1	1.01	0	0	0	0	0.8600	0.1400	0.205	0.175	0	0	10	13	1.930	0.9	1	0	0	0	8		0.1	0.7		0	7	2019-12-01 00:25:19.914124	2019-12-01 00:25:21.557728	0:00:01.643604	0.6716666666666666	1.0	1.0	0.16666666666666666	0.1	
0	0	2	0	2		45	5000	4	0.4	1.0	1	-1	0	0	0	0	1	1.01	0	0	0	0	0.8500	0.1500	0.2	0.175	0	0	10	13	1.935	0.9	1	0	0	0	2		0.1	0.1		0	6	2019-12-01 00:25:19.625902	2019-12-01 00:25:21.637512	0:00:02.011610	0.6758333333333333	1.0	1.0	0.16666666666666666	0.1	
0	0	3	0	3		40	5000	4	0.5	1.0	1	-1	0	0	0	0	1	1.01	0	0	0	0	0.8550	0.1450	0.205	0.175	0.5	5	5	14	1.935	0.9	1	0	0	0	8		0.1	0.2		1	8	2019-12-01 00:25:19.623899	2019-12-01 00:25:21.697352	0:00:02.073453	0.8291666666666666	1.0	1.0	0.16666666666666666	0	
0	0	1	0	1		40	5000	4	0.5	1.0	1	-1	0	0	0	0	1	1.01	0	0	0	0	0.8400	0.1600	0.2	0.175	0.5	5	5	13	1.940	0.9	1	0	0	0	2		0.1	0.5		1	8	2019-12-01 00:25:19.621904	2019-12-01 00:25:21.816034	0:00:02.194130	0.8333333333333333	1.0	1.0	0.16666666666666666	0	
0	0	4	0	4		35	5000	4	0.5	1.0	0	0	0.01	0.01	0.09	0.09	1	1.01	0	0	0	0	0.8600	0.1400	0.205	0.175	0	0	10	13	1.930	0.9	1	0	0	0	8		0.1	0.7		0	8	2019-12-01 00:25:19.914124	2019-12-01 00:25:21.873880	0:00:01.959756	0.6716666666666666	1.0	1.0	0.16666666666666666	0.1	
0	0	0	0	0		50	5000	4	0.5	1.0	1	-1	0	0	0	0	1	1.01	0	0	0	0	0.8300	0.1700	0.2	0.175	0	0	10	13	1.940	0.9	1	0	0	0	1		0.1	0.7		0	5	2019-12-01 00:25:19.623899	2019-12-01 00:25:21.876871	0:00:02.252972	0.6758333333333333	1.0	1.0	0.16666666666666666	0.1	
0	0	2	0	2		45	5000	4	0.4	1.0	1	-1	0	0	0	0	1	1.01	0	0	0	0	0.8500	0.1500	0.2	0.175	0	0	10	13	1.935	0.9	1	0	0	0	2		0.1	0.1		0	7	2019-12-01 00:25:19.625902	2019-12-01 00:25:21.945687	0:00:02.319785	0.6758333333333333	1.0	1.0	0.16666666666666666	0.1	
0	0	3	0	3		40	5000	4	0.5	1.0	1	-1	0	0	0	0	1	1.01	0	0	0	0	0.8550	0.1450	0.205	0.175	0.5	5	5	14	1.935	0.9	1	0	0	0	8		0.1	0.2		1	9	2019-12-01 00:25:19.623899	2019-12-01 00:25:21.973613	0:00:02.349714	0.8291666666666666	1.0	1.0	0.16666666666666666	0	
0	0	1	0	1		40	5000	4	0.5	1.0	1	-1	0	0	0	0	1	1.01	0	0	0	0	0.8400	0.1600	0.2	0.175	0.5	5	5	13	1.940	0.9	1	0	0	0	2		0.1	0.5		1	9	2019-12-01 00:25:19.621904	2019-12-01 00:25:22.061378	0:00:02.439474	0.6758333333333333	1.0	1.0	0.16666666666666666	0.1	
0	0	4	0	4		35	5000	4	0.5	1.0	0	0	0.01	0.01	0.09	0.09	1	1.01	0	0	0	0	0.8600	0.1400	0.205	0.175	0	0	10	13	1.930	0.9	1	0	0	0	8		0.1	0.7		0	9	2019-12-01 00:25:19.914124	2019-12-01 00:25:22.101271	0:00:02.187147	0.6716666666666666	1.0	1.0	0.16666666666666666	0.1	
0	0	3	0	3		40	5000	4	0.5	1.0	1	-1	0	0	0	0	1	1.01	0	0	0	0	0.8550	0.1450	0.205	0.175	0.5	5	5	14	1.935	0.9	1	0	0	0	8		0.1	0.2		1	10	2019-12-01 00:25:19.623899	2019-12-01 00:25:22.175074	0:00:02.551175	0.8291666666666666	1.0	1.0	0.16666666666666666	0	
0	0	0	0	0		50	5000	4	0.5	1.0	1	-1	0	0	0	0	1	1.01	0	0	0	0	0.8300	0.1700	0.2	0.175	0	0	10	13	1.940	0.9	1	0	0	0	1		0.1	0.7		0	6	2019-12-01 00:25:19.623899	2019-12-01 00:25:22.202999	0:00:02.579100	0.6758333333333333	1.0	1.0	0.16666666666666666	0.1	
0	0	2	0	2		45	5000	4	0.4	1.0	1	-1	0	0	0	0	1	1.01	0	0	0	0	0.8500	0.1500	0.2	0.175	0	0	10	13	1.935	0.9	1	0	0	0	2		0.1	0.1		0	8	2019-12-01 00:25:19.625902	2019-12-01 00:25:22.245885	0:00:02.619983	0.6758333333333333	1.0	1.0	0.16666666666666666	0.1	
0	0	4	0	4		35	5000	4	0.5	1.0	0	0	0.01	0.01	0.09	0.09	1	1.01	0	0	0	0	0.8600	0.1400	0.205	0.175	0	0	10	13	1.930	0.9	1	0	0	0	8		0.1	0.7		0	10	2019-12-01 00:25:19.914124	2019-12-01 00:25:22.283783	0:00:02.369659	0.6716666666666666	1.0	1.0	0.16666666666666666	0.1	
0	0	3	0	3		40	5000	4	0.5	1.0	1	-1	0	0	0	0	1	1.01	0	0	0	0	0.8550	0.1450	0.205	0.175	0.5	5	5	14	1.935	0.9	1	0	0	0	8		0.1	0.2		1	11	2019-12-01 00:25:19.623899	2019-12-01 00:25:22.345618	0:00:02.721719	0.8291666666666666	1.0	1.0	0.16666666666666666	0	
0	0	1	0	1		40	5000	4	0.5	1.0	1	-1	0	0	0	0	1	1.01	0	0	0	0	0.8400	0.1600	0.2	0.175	0.5	5	5	13	1.940	0.9	1	0	0	0	2		0.1	0.5		1	10	2019-12-01 00:25:19.621904	2019-12-01 00:25:22.377533	0:00:02.755629	0.6758333333333333	1.0	1.0	0.16666666666666666	0.1	
0	0	4	0	4		35	5000	4	0.5	1.0	0	0	0.01	0.01	0.09	0.09	1	1.01	0	0	0	0	0.8600	0.1400	0.205	0.175	0	0	10	13	1.930	0.9	1	0	0	0	8		0.1	0.7		0	11	2019-12-01 00:25:19.914124	2019-12-01 00:25:22.454327	0:00:02.540203	0.6716666666666666	1.0	1.0	0.16666666666666666	0.1	
0	0	2	0	2		45	5000	4	0.4	1.0	1	-1	0	0	0	0	1	1.01	0	0	0	0	0.8500	0.1500	0.2	0.175	0	0	10	13	1.935	0.9	1	0	0	0	2		0.1	0.1		0	9	2019-12-01 00:25:19.625902	2019-12-01 00:25:22.487239	0:00:02.861337	0.6758333333333333	1.0	1.0	0.16666666666666666	0.1	
0	0	3	0	3		40	5000	4	0.5	1.0	1	-1	0	0	0	0	1	1.01	0	0	0	0	0.8550	0.1450	0.205	0.175	0.5	5	5	14	1.935	0.9	1	0	0	0	8		0.1	0.2		1	12	2019-12-01 00:25:19.623899	2019-12-01 00:25:22.588967	0:00:02.965068	0.8291666666666666	1.0	1.0	0.16666666666666666	0	
0	0	1	0	1		40	5000	4	0.5	1.0	1	-1	0	0	0	0	1	1.01	0	0	0	0	0.8400	0.1600	0.2	0.175	0.5	5	5	13	1.940	0.9	1	0	0	0	2		0.1	0.5		1	11	2019-12-01 00:25:19.621904	2019-12-01 00:25:22.633847	0:00:03.011943	0.6758333333333333	1.0	1.0	0.16666666666666666	0.1	
0	0	0	0	0		50	5000	4	0.5	1.0	1	-1	0	0	0	0	1	1.01	0	0	0	0	0.8300	0.1700	0.2	0.175	0	0	10	13	1.940	0.9	1	0	0	0	1		0.1	0.7		0	7	2019-12-01 00:25:19.623899	2019-12-01 00:25:22.639831	0:00:03.015932	0.6758333333333333	1.0	1.0	0.16666666666666666	0.1	
0	0	4	0	4		35	5000	4	0.5	1.0	0	0	0.01	0.01	0.09	0.09	1	1.01	0	0	0	0	0.8600	0.1400	0.205	0.175	0	0	10	13	1.930	0.9	1	0	0	0	8		0.1	0.7		0	12	2019-12-01 00:25:19.914124	2019-12-01 00:25:22.653793	0:00:02.739669	0.6716666666666666	1.0	1.0	0.16666666666666666	0.1	
0	0	3	0	3		40	5000	4	0.5	1.0	1	-1	0	0	0	0	1	1.01	0	0	0	0	0.8550	0.1450	0.205	0.175	0.5	5	5	14	1.935	0.9	1	0	0	0	8		0.1	0.2		1	13	2019-12-01 00:25:19.623899	2019-12-01 00:25:22.788433	0:00:03.164534	0.6716666666666666	1.0	1.0	0.16666666666666666	0.1	
0	0	2	0	2		45	5000	4	0.4	1.0	1	-1	0	0	0	0	1	1.01	0	0	0	0	0.8500	0.1500	0.2	0.175	0	0	10	13	1.935	0.9	1	0	0	0	2		0.1	0.1		0	10	2019-12-01 00:25:19.625902	2019-12-01 00:25:22.806385	0:00:03.180483	0.6758333333333333	1.0	1.0	0.16666666666666666	0.1	
0	0	1	0	1		40	5000	4	0.5	1.0	1	-1	0	0	0	0	1	1.01	0	0	0	0	0.8400	0.1600	0.2	0.175	0.5	5	5	13	1.940	0.9	1	0	0	0	2		0.1	0.5		1	12	2019-12-01 00:25:19.621904	2019-12-01 00:25:22.871212	0:00:03.249308	0.6758333333333333	1.0	1.0	0.16666666666666666	0.1	
0	0	4	0	4		35	5000	4	0.5	1.0	0	0	0.01	0.01	0.09	0.09	1	1.01	0	0	0	0	0.8600	0.1400	0.205	0.175	0	0	10	13	1.930	0.9	1	0	0	0	8		0.1	0.7		0	13	2019-12-01 00:25:19.914124	2019-12-01 00:25:22.890161	0:00:02.976037	0.6716666666666666	1.0	1.0	0.16666666666666666	0.1	
0	0	0	0	0		50	5000	4	0.5	1.0	1	-1	0	0	0	0	1	1.01	0	0	0	0	0.8300	0.1700	0.2	0.175	0	0	10	13	1.940	0.9	1	0	0	0	1		0.1	0.7		0	8	2019-12-01 00:25:19.623899	2019-12-01 00:25:22.977927	0:00:03.354028	0.6758333333333333	1.0	1.0	0.16666666666666666	0.1	
0	0	3	0	3		40	5000	4	0.5	1.0	1	-1	0	0	0	0	1	1.01	0	0	0	0	0.8550	0.1450	0.205	0.175	0.5	5	5	14	1.935	0.9	1	0	0	0	8		0.1	0.2		1	14	2019-12-01 00:25:19.623899	2019-12-01 00:25:23.025798	0:00:03.401899	0.6716666666666666	1.0	1.0	0.16666666666666666	0.1	
0	0	2	0	2		45	5000	4	0.4	1.0	1	-1	0	0	0	0	1	1.01	0	0	0	0	0.8500	0.1500	0.2	0.175	0	0	10	13	1.935	0.9	1	0	0	0	2		0.1	0.1		0	11	2019-12-01 00:25:19.625902	2019-12-01 00:25:23.051729	0:00:03.425827	0.6758333333333333	1.0	1.0	0.16666666666666666	0.1	
0	0	1	0	1		40	5000	4	0.5	1.0	1	-1	0	0	0	0	1	1.01	0	0	0	0	0.8400	0.1600	0.2	0.175	0.5	5	5	13	1.940	0.9	1	0	0	0	2		0.1	0.5		1	13	2019-12-01 00:25:19.621904	2019-12-01 00:25:23.071677	0:00:03.449773	0.6758333333333333	1.0	1.0	0.16666666666666666	0.1	
0	0	4	0	4		35	5000	4	0.5	1.0	0	0	0.01	0.01	0.09	0.09	1	1.01	0	0	0	0	0.8600	0.1400	0.205	0.175	0	0	10	13	1.930	0.9	1	0	0	0	8		0.1	0.7		0	14	2019-12-01 00:25:19.914124	2019-12-01 00:25:23.106582	0:00:03.192458	0.6716666666666666	1.0	1.0	0.16666666666666666	0.1	
0	0	3	0	3		40	5000	4	0.5	1.0	1	-1	0	0	0	0	1	1.01	0	0	0	0	0.8550	0.1450	0.205	0.175	0.5	5	5	14	1.935	0.9	1	0	0	0	8		0.1	0.2		1	15	2019-12-01 00:25:19.623899	2019-12-01 00:25:23.231248	0:00:03.607349	0.6716666666666666	1.0	1.0	0.16666666666666666	0.1	
0	0	0	0	0		50	5000	4	0.5	1.0	1	-1	0	0	0	0	1	1.01	0	0	0	0	0.8300	0.1700	0.2	0.175	0	0	10	13	1.940	0.9	1	0	0	0	1		0.1	0.7		0	9	2019-12-01 00:25:19.623899	2019-12-01 00:25:23.314027	0:00:03.690128	0.6758333333333333	1.0	1.0	0.16666666666666666	0.1	
0	0	1	0	1		40	5000	4	0.5	1.0	1	-1	0	0	0	0	1	1.01	0	0	0	0	0.8400	0.1600	0.2	0.175	0.5	5	5	13	1.940	0.9	1	0	0	0	2		0.1	0.5		1	14	2019-12-01 00:25:19.621904	2019-12-01 00:25:23.349931	0:00:03.728027	0.6758333333333333	1.0	1.0	0.16666666666666666	0.1	
0	0	2	0	2		45	5000	4	0.4	1.0	1	-1	0	0	0	0	1	1.01	0	0	0	0	0.8500	0.1500	0.2	0.175	0	0	10	13	1.935	0.9	1	0	0	0	2		0.1	0.1		0	12	2019-12-01 00:25:19.625902	2019-12-01 00:25:23.396806	0:00:03.770904	0.6758333333333333	1.0	1.0	0.16666666666666666	0.1	
0	0	3	0	3		40	5000	4	0.5	1.0	1	-1	0	0	0	0	1	1.01	0	0	0	0	0.8550	0.1450	0.205	0.175	0.5	5	5	14	1.935	0.9	1	0	0	0	8		0.1	0.2		1	16	2019-12-01 00:25:19.623899	2019-12-01 00:25:23.492554	0:00:03.868655	0.6716666666666666	1.0	1.0	0.16666666666666666	0.1	
0	0	2	0	2		45	5000	4	0.4	1.0	1	-1	0	0	0	0	1	1.01	0	0	0	0	0.8500	0.1500	0.2	0.175	0	0	10	13	1.935	0.9	1	0	0	0	2		0.1	0.1		0	13	2019-12-01 00:25:19.625902	2019-12-01 00:25:23.600262	0:00:03.974360	0.6758333333333333	1.0	1.0	0.16666666666666666	0.1	
0	0	0	0	0		50	5000	4	0.5	1.0	1	-1	0	0	0	0	1	1.01	0	0	0	0	0.8300	0.1700	0.2	0.175	0	0	10	13	1.940	0.9	1	0	0	0	1		0.1	0.7		0	10	2019-12-01 00:25:19.623899	2019-12-01 00:25:23.610235	0:00:03.986336	0.6758333333333333	1.0	1.0	0.16666666666666666	0.1	
0	0	3	0	3		40	5000	4	0.5	1.0	1	-1	0	0	0	0	1	1.01	0	0	0	0	0.8550	0.1450	0.205	0.175	0.5	5	5	14	1.935	0.9	1	0	0	0	8		0.1	0.2		1	17	2019-12-01 00:25:19.623899	2019-12-01 00:25:23.710966	0:00:04.087067	0.6716666666666666	1.0	1.0	0.16666666666666666	0.1	
0	0	2	0	2		45	5000	4	0.4	1.0	1	-1	0	0	0	0	1	1.01	0	0	0	0	0.8500	0.1500	0.2	0.175	0	0	10	13	1.935	0.9	1	0	0	0	2		0.1	0.1		0	14	2019-12-01 00:25:19.625902	2019-12-01 00:25:23.915429	0:00:04.289527	0.6758333333333333	1.0	1.0	0.16666666666666666	0.1	
0	0	0	0	0		50	5000	4	0.5	1.0	1	-1	0	0	0	0	1	1.01	0	0	0	0	0.8300	0.1700	0.2	0.175	0	0	10	13	1.940	0.9	1	0	0	0	1		0.1	0.7		0	11	2019-12-01 00:25:19.623899	2019-12-01 00:25:23.919408	0:00:04.295509	0.6758333333333333	1.0	1.0	0.16666666666666666	0.1	
0	0	2	0	2		45	5000	4	0.4	1.0	1	-1	0	0	0	0	1	1.01	0	0	0	0	0.8500	0.1500	0.2	0.175	0	0	10	13	1.935	0.9	1	0	0	0	2		0.1	0.1		0	15	2019-12-01 00:25:19.625902	2019-12-01 00:25:24.096934	0:00:04.471032	0.6758333333333333	1.0	1.0	0.16666666666666666	0.1	
0	0	0	0	0		50	5000	4	0.5	1.0	1	-1	0	0	0	0	1	1.01	0	0	0	0	0.8300	0.1700	0.2	0.175	0	0	10	13	1.940	0.9	1	0	0	0	1		0.1	0.7		0	12	2019-12-01 00:25:19.623899	2019-12-01 00:25:24.194672	0:00:04.570773	0.6758333333333333	1.0	1.0	0.16666666666666666	0.1	
0	0	2	0	2		45	5000	4	0.4	1.0	1	-1	0	0	0	0	1	1.01	0	0	0	0	0.8500	0.1500	0.2	0.175	0	0	10	13	1.935	0.9	1	0	0	0	2		0.1	0.1		0	16	2019-12-01 00:25:19.625902	2019-12-01 00:25:24.278448	0:00:04.652546	0.6758333333333333	1.0	1.0	0.16666666666666666	0.1	
0	0	0	0	0		50	5000	4	0.5	1.0	1	-1	0	0	0	0	1	1.01	0	0	0	0	0.8300	0.1700	0.2	0.175	0	0	10	13	1.940	0.9	1	0	0	0	1		0.1	0.7		0	13	2019-12-01 00:25:19.623899	2019-12-01 00:25:24.433034	0:00:04.809135	0.6758333333333333	1.0	1.0	0.16666666666666666	0.1	
0	0	1	0	1		40	5000	4	0.5	1.0	1	-1	0	0	0	0	1	1.01	0	0	0	0	0.8400	0.1600	0.2	0.175	0.5	5	5	13	1.940	0.9	1	0	0	0	2		0.1	0.5		1	1	2019-12-01 00:26:21.655874	2019-12-01 00:26:21.957068	0:00:00.301194	0.11199999999999999	0.0	0.7	0	0	
0	0	2	0	2		45	5000	4	0.4	1.0	1	-1	0	0	0	0	1	1.01	0	0	0	0	0.8500	0.1500	0.2	0.175	0	0	10	13	1.935	0.9	1	0	0	0	2		0.1	0.1		0	1	2019-12-01 00:26:21.699756	2019-12-01 00:26:22.096694	0:00:00.396938	0.6758333333333333	1.0	1.0	0.16666666666666666	0.1	
0	0	4	0	4		35	5000	4	0.5	1.0	0	0	0.01	0.01	0.09	0.09	1	1.01	0	0	0	0	0.8600	0.1400	0.205	0.175	0	0	10	13	1.930	0.9	1	0	0	0	8		0.1	0.7		0	1	2019-12-01 00:26:21.875287	2019-12-01 00:26:22.218369	0:00:00.343082	-0.261125	0.0	0.4	0.2	0.125	
0	0	1	0	1		40	5000	4	0.5	1.0	1	-1	0	0	0	0	1	1.01	0	0	0	0	0.8400	0.1600	0.2	0.175	0.5	5	5	13	1.940	0.9	1	0	0	0	2		0.1	0.5		1	2	2019-12-01 00:26:21.655874	2019-12-01 00:26:22.232332	0:00:00.576458	1.0	1.0	1.0	0	0	
0	0	0	0	0		50	5000	4	0.5	1.0	1	-1	0	0	0	0	1	1.01	0	0	0	0	0.8300	0.1700	0.2	0.175	0	0	10	13	1.940	0.9	1	0	0	0	1		0.1	0.7		0	1	2019-12-01 00:26:21.655874	2019-12-01 00:26:22.241307	0:00:00.585433	0.6758333333333333	1.0	1.0	0.16666666666666666	0.1	
0	0	3	0	3		40	5000	4	0.5	1.0	1	-1	0	0	0	0	1	1.01	0	0	0	0	0.8550	0.1450	0.205	0.175	0.5	5	5	14	1.935	0.9	1	0	0	0	8		0.1	0.2		1	1	2019-12-01 00:26:21.874289	2019-12-01 00:26:22.319100	0:00:00.444811	0.5435	0.5	0.8	0	0	
0	0	4	0	4		35	5000	4	0.5	1.0	0	0	0.01	0.01	0.09	0.09	1	1.01	0	0	0	0	0.8600	0.1400	0.205	0.175	0	0	10	13	1.930	0.9	1	0	0	0	8		0.1	0.7		0	2	2019-12-01 00:26:21.875287	2019-12-01 00:26:22.418833	0:00:00.543546	0.037111111111111095	0.3333333333333333	0.5	0.2	0.1111111111111111	
0	0	1	0	1		40	5000	4	0.5	1.0	1	-1	0	0	0	0	1	1.01	0	0	0	0	0.8400	0.1600	0.2	0.175	0.5	5	5	13	1.940	0.9	1	0	0	0	2		0.1	0.5		1	3	2019-12-01 00:26:21.655874	2019-12-01 00:26:22.425814	0:00:00.769940	0.8333333333333333	1.0	1.0	0.16666666666666666	0	
0	0	2	0	2		45	5000	4	0.4	1.0	1	-1	0	0	0	0	1	1.01	0	0	0	0	0.8500	0.1500	0.2	0.175	0	0	10	13	1.935	0.9	1	0	0	0	2		0.1	0.1		0	2	2019-12-01 00:26:21.699756	2019-12-01 00:26:22.498619	0:00:00.798863	0.6758333333333333	1.0	1.0	0.16666666666666666	0.1	
0	0	0	0	0		50	5000	4	0.5	1.0	1	-1	0	0	0	0	1	1.01	0	0	0	0	0.8300	0.1700	0.2	0.175	0	0	10	13	1.940	0.9	1	0	0	0	1		0.1	0.7		0	2	2019-12-01 00:26:21.655874	2019-12-01 00:26:22.637248	0:00:00.981374	0.6758333333333333	1.0	1.0	0.16666666666666666	0.1	
0	0	3	0	3		40	5000	4	0.5	1.0	1	-1	0	0	0	0	1	1.01	0	0	0	0	0.8550	0.1450	0.205	0.175	0.5	5	5	14	1.935	0.9	1	0	0	0	8		0.1	0.2		1	2	2019-12-01 00:26:21.874289	2019-12-01 00:26:22.669163	0:00:00.794874	0.8291666666666666	1.0	1.0	0.16666666666666666	0	
0	0	4	0	4		35	5000	4	0.5	1.0	0	0	0.01	0.01	0.09	0.09	1	1.01	0	0	0	0	0.8600	0.1400	0.205	0.175	0	0	10	13	1.930	0.9	1	0	0	0	8		0.1	0.7		0	3	2019-12-01 00:26:21.875287	2019-12-01 00:26:22.712049	0:00:00.836762	0.6716666666666666	1.0	1.0	0.16666666666666666	0.1	
0	0	1	0	1		40	5000	4	0.5	1.0	1	-1	0	0	0	0	1	1.01	0	0	0	0	0.8400	0.1600	0.2	0.175	0.5	5	5	13	1.940	0.9	1	0	0	0	2		0.1	0.5		1	4	2019-12-01 00:26:21.655874	2019-12-01 00:26:22.721025	0:00:01.065151	0.8333333333333333	1.0	1.0	0.16666666666666666	0	
0	0	2	0	2		45	5000	4	0.4	1.0	1	-1	0	0	0	0	1	1.01	0	0	0	0	0.8500	0.1500	0.2	0.175	0	0	10	13	1.935	0.9	1	0	0	0	2		0.1	0.1		0	3	2019-12-01 00:26:21.699756	2019-12-01 00:26:22.786848	0:00:01.087092	0.6758333333333333	1.0	1.0	0.16666666666666666	0.1	
0	0	3	0	3		40	5000	4	0.5	1.0	1	-1	0	0	0	0	1	1.01	0	0	0	0	0.8550	0.1450	0.205	0.175	0.5	5	5	14	1.935	0.9	1	0	0	0	8		0.1	0.2		1	3	2019-12-01 00:26:21.874289	2019-12-01 00:26:22.884587	0:00:01.010298	0.8291666666666666	1.0	1.0	0.16666666666666666	0	
0	0	1	0	1		40	5000	4	0.5	1.0	1	-1	0	0	0	0	1	1.01	0	0	0	0	0.8400	0.1600	0.2	0.175	0.5	5	5	13	1.940	0.9	1	0	0	0	2		0.1	0.5		1	5	2019-12-01 00:26:21.655874	2019-12-01 00:26:22.887578	0:00:01.231704	0.8333333333333333	1.0	1.0	0.16666666666666666	0	
0	0	4	0	4		35	5000	4	0.5	1.0	0	0	0.01	0.01	0.09	0.09	1	1.01	0	0	0	0	0.8600	0.1400	0.205	0.175	0	0	10	13	1.930	0.9	1	0	0	0	8		0.1	0.7		0	4	2019-12-01 00:26:21.875287	2019-12-01 00:26:22.926475	0:00:01.051188	0.6716666666666666	1.0	1.0	0.16666666666666666	0.1	
0	0	2	0	2		45	5000	4	0.4	1.0	1	-1	0	0	0	0	1	1.01	0	0	0	0	0.8500	0.1500	0.2	0.175	0	0	10	13	1.935	0.9	1	0	0	0	2		0.1	0.1		0	4	2019-12-01 00:26:21.699756	2019-12-01 00:26:23.052139	0:00:01.352383	0.6758333333333333	1.0	1.0	0.16666666666666666	0.1	
0	0	0	0	0		50	5000	4	0.5	1.0	1	-1	0	0	0	0	1	1.01	0	0	0	0	0.8300	0.1700	0.2	0.175	0	0	10	13	1.940	0.9	1	0	0	0	1		0.1	0.7		0	3	2019-12-01 00:26:21.655874	2019-12-01 00:26:23.075077	0:00:01.419203	0.6758333333333333	1.0	1.0	0.16666666666666666	0.1	
0	0	1	0	1		40	5000	4	0.5	1.0	1	-1	0	0	0	0	1	1.01	0	0	0	0	0.8400	0.1600	0.2	0.175	0.5	5	5	13	1.940	0.9	1	0	0	0	2		0.1	0.5		1	6	2019-12-01 00:26:21.655874	2019-12-01 00:26:23.135915	0:00:01.480041	0.8333333333333333	1.0	1.0	0.16666666666666666	0	
0	0	4	0	4		35	5000	4	0.5	1.0	0	0	0.01	0.01	0.09	0.09	1	1.01	0	0	0	0	0.8600	0.1400	0.205	0.175	0	0	10	13	1.930	0.9	1	0	0	0	8		0.1	0.7		0	5	2019-12-01 00:26:21.875287	2019-12-01 00:26:23.165835	0:00:01.290548	0.6716666666666666	1.0	1.0	0.16666666666666666	0.1	
0	0	3	0	3		40	5000	4	0.5	1.0	1	-1	0	0	0	0	1	1.01	0	0	0	0	0.8550	0.1450	0.205	0.175	0.5	5	5	14	1.935	0.9	1	0	0	0	8		0.1	0.2		1	4	2019-12-01 00:26:21.874289	2019-12-01 00:26:23.200741	0:00:01.326452	0.8291666666666666	1.0	1.0	0.16666666666666666	0	
0	0	4	0	4		35	5000	4	0.5	1.0	0	0	0.01	0.01	0.09	0.09	1	1.01	0	0	0	0	0.8600	0.1400	0.205	0.175	0	0	10	13	1.930	0.9	1	0	0	0	8		0.1	0.7		0	6	2019-12-01 00:26:21.875287	2019-12-01 00:26:23.325408	0:00:01.450121	0.6716666666666666	1.0	1.0	0.16666666666666666	0.1	
0	0	2	0	2		45	5000	4	0.4	1.0	1	-1	0	0	0	0	1	1.01	0	0	0	0	0.8500	0.1500	0.2	0.175	0	0	10	13	1.935	0.9	1	0	0	0	2		0.1	0.1		0	5	2019-12-01 00:26:21.699756	2019-12-01 00:26:23.384258	0:00:01.684502	0.6758333333333333	1.0	1.0	0.16666666666666666	0.1	
0	0	1	0	1		40	5000	4	0.5	1.0	1	-1	0	0	0	0	1	1.01	0	0	0	0	0.8400	0.1600	0.2	0.175	0.5	5	5	13	1.940	0.9	1	0	0	0	2		0.1	0.5		1	7	2019-12-01 00:26:21.655874	2019-12-01 00:26:23.394225	0:00:01.738351	0.8333333333333333	1.0	1.0	0.16666666666666666	0	
0	0	3	0	3		40	5000	4	0.5	1.0	1	-1	0	0	0	0	1	1.01	0	0	0	0	0.8550	0.1450	0.205	0.175	0.5	5	5	14	1.935	0.9	1	0	0	0	8		0.1	0.2		1	5	2019-12-01 00:26:21.874289	2019-12-01 00:26:23.467029	0:00:01.592740	0.8291666666666666	1.0	1.0	0.16666666666666666	0	
0	0	0	0	0		50	5000	4	0.5	1.0	1	-1	0	0	0	0	1	1.01	0	0	0	0	0.8300	0.1700	0.2	0.175	0	0	10	13	1.940	0.9	1	0	0	0	1		0.1	0.7		0	4	2019-12-01 00:26:21.655874	2019-12-01 00:26:23.499941	0:00:01.844067	0.6758333333333333	1.0	1.0	0.16666666666666666	0.1	
0	0	4	0	4		35	5000	4	0.5	1.0	0	0	0.01	0.01	0.09	0.09	1	1.01	0	0	0	0	0.8600	0.1400	0.205	0.175	0	0	10	13	1.930	0.9	1	0	0	0	8		0.1	0.7		0	7	2019-12-01 00:26:21.875287	2019-12-01 00:26:23.564768	0:00:01.689481	0.6716666666666666	1.0	1.0	0.16666666666666666	0.1	
0	0	3	0	3		40	5000	4	0.5	1.0	1	-1	0	0	0	0	1	1.01	0	0	0	0	0.8550	0.1450	0.205	0.175	0.5	5	5	14	1.935	0.9	1	0	0	0	8		0.1	0.2		1	6	2019-12-01 00:26:21.874289	2019-12-01 00:26:23.671482	0:00:01.797193	0.8291666666666666	1.0	1.0	0.16666666666666666	0	
0	0	2	0	2		45	5000	4	0.4	1.0	1	-1	0	0	0	0	1	1.01	0	0	0	0	0.8500	0.1500	0.2	0.175	0	0	10	13	1.935	0.9	1	0	0	0	2		0.1	0.1		0	6	2019-12-01 00:26:21.699756	2019-12-01 00:26:23.735311	0:00:02.035555	0.6758333333333333	1.0	1.0	0.16666666666666666	0.1	
0	0	1	0	1		40	5000	4	0.5	1.0	1	-1	0	0	0	0	1	1.01	0	0	0	0	0.8400	0.1600	0.2	0.175	0.5	5	5	13	1.940	0.9	1	0	0	0	2		0.1	0.5		1	8	2019-12-01 00:26:21.655874	2019-12-01 00:26:23.745284	0:00:02.089410	0.6758333333333333	1.0	1.0	0.16666666666666666	0.1	
0	0	3	0	3		40	5000	4	0.5	1.0	1	-1	0	0	0	0	1	1.01	0	0	0	0	0.8550	0.1450	0.205	0.175	0.5	5	5	14	1.935	0.9	1	0	0	0	8		0.1	0.2		1	7	2019-12-01 00:26:21.874289	2019-12-01 00:26:23.856986	0:00:01.982697	0.8291666666666666	1.0	1.0	0.16666666666666666	0	
0	0	0	0	0		50	5000	4	0.5	1.0	1	-1	0	0	0	0	1	1.01	0	0	0	0	0.8300	0.1700	0.2	0.175	0	0	10	13	1.940	0.9	1	0	0	0	1		0.1	0.7		0	5	2019-12-01 00:26:21.655874	2019-12-01 00:26:23.860975	0:00:02.205101	0.6758333333333333	1.0	1.0	0.16666666666666666	0.1	
0	0	4	0	4		35	5000	4	0.5	1.0	0	0	0.01	0.01	0.09	0.09	1	1.01	0	0	0	0	0.8600	0.1400	0.205	0.175	0	0	10	13	1.930	0.9	1	0	0	0	8		0.1	0.7		0	8	2019-12-01 00:26:21.875287	2019-12-01 00:26:23.883914	0:00:02.008627	0.6716666666666666	1.0	1.0	0.16666666666666666	0.1	
0	0	2	0	2		45	5000	4	0.4	1.0	1	-1	0	0	0	0	1	1.01	0	0	0	0	0.8500	0.1500	0.2	0.175	0	0	10	13	1.935	0.9	1	0	0	0	2		0.1	0.1		0	7	2019-12-01 00:26:21.699756	2019-12-01 00:26:23.980655	0:00:02.280899	0.6758333333333333	1.0	1.0	0.16666666666666666	0.1	
0	0	1	0	1		40	5000	4	0.5	1.0	1	-1	0	0	0	0	1	1.01	0	0	0	0	0.8400	0.1600	0.2	0.175	0.5	5	5	13	1.940	0.9	1	0	0	0	2		0.1	0.5		1	9	2019-12-01 00:26:21.655874	2019-12-01 00:26:24.032517	0:00:02.376643	0.6758333333333333	1.0	1.0	0.16666666666666666	0.1	
0	0	3	0	3		40	5000	4	0.5	1.0	1	-1	0	0	0	0	1	1.01	0	0	0	0	0.8550	0.1450	0.205	0.175	0.5	5	5	14	1.935	0.9	1	0	0	0	8		0.1	0.2		1	8	2019-12-01 00:26:21.874289	2019-12-01 00:26:24.131252	0:00:02.256963	0.6716666666666666	1.0	1.0	0.16666666666666666	0.1	
0	0	4	0	4		35	5000	4	0.5	1.0	0	0	0.01	0.01	0.09	0.09	1	1.01	0	0	0	0	0.8600	0.1400	0.205	0.175	0	0	10	13	1.930	0.9	1	0	0	0	8		0.1	0.7		0	9	2019-12-01 00:26:21.875287	2019-12-01 00:26:24.161172	0:00:02.285885	0.6716666666666666	1.0	1.0	0.16666666666666666	0.1	
0	0	0	0	0		50	5000	4	0.5	1.0	1	-1	0	0	0	0	1	1.01	0	0	0	0	0.8300	0.1700	0.2	0.175	0	0	10	13	1.940	0.9	1	0	0	0	1		0.1	0.7		0	6	2019-12-01 00:26:21.655874	2019-12-01 00:26:24.212036	0:00:02.556162	0.6758333333333333	1.0	1.0	0.16666666666666666	0.1	
0	0	1	0	1		40	5000	4	0.5	1.0	1	-1	0	0	0	0	1	1.01	0	0	0	0	0.8400	0.1600	0.2	0.175	0.5	5	5	13	1.940	0.9	1	0	0	0	2		0.1	0.5		1	10	2019-12-01 00:26:21.655874	2019-12-01 00:26:24.313764	0:00:02.657890	0.6758333333333333	1.0	1.0	0.16666666666666666	0.1	
0	0	2	0	2		45	5000	4	0.4	1.0	1	-1	0	0	0	0	1	1.01	0	0	0	0	0.8500	0.1500	0.2	0.175	0	0	10	13	1.935	0.9	1	0	0	0	2		0.1	0.1		0	8	2019-12-01 00:26:21.699756	2019-12-01 00:26:24.348671	0:00:02.648915	0.6758333333333333	1.0	1.0	0.16666666666666666	0.1	
0	0	4	0	4		35	5000	4	0.5	1.0	0	0	0.01	0.01	0.09	0.09	1	1.01	0	0	0	0	0.8600	0.1400	0.205	0.175	0	0	10	13	1.930	0.9	1	0	0	0	8		0.1	0.7		0	10	2019-12-01 00:26:21.875287	2019-12-01 00:26:24.386569	0:00:02.511282	0.6716666666666666	1.0	1.0	0.16666666666666666	0.1	
0	0	3	0	3		40	5000	4	0.5	1.0	1	-1	0	0	0	0	1	1.01	0	0	0	0	0.8550	0.1450	0.205	0.175	0.5	5	5	14	1.935	0.9	1	0	0	0	8		0.1	0.2		1	9	2019-12-01 00:26:21.874289	2019-12-01 00:26:24.398537	0:00:02.524248	0.6716666666666666	1.0	1.0	0.16666666666666666	0.1	
0	0	1	0	1		40	5000	4	0.5	1.0	1	-1	0	0	0	0	1	1.01	0	0	0	0	0.8400	0.1600	0.2	0.175	0.5	5	5	13	1.940	0.9	1	0	0	0	2		0.1	0.5		1	11	2019-12-01 00:26:21.655874	2019-12-01 00:26:24.556115	0:00:02.900241	0.6758333333333333	1.0	1.0	0.16666666666666666	0.1	
0	0	0	0	0		50	5000	4	0.5	1.0	1	-1	0	0	0	0	1	1.01	0	0	0	0	0.8300	0.1700	0.2	0.175	0	0	10	13	1.940	0.9	1	0	0	0	1		0.1	0.7		0	7	2019-12-01 00:26:21.655874	2019-12-01 00:26:24.584041	0:00:02.928167	0.6758333333333333	1.0	1.0	0.16666666666666666	0.1	
0	0	2	0	2		45	5000	4	0.4	1.0	1	-1	0	0	0	0	1	1.01	0	0	0	0	0.8500	0.1500	0.2	0.175	0	0	10	13	1.935	0.9	1	0	0	0	2		0.1	0.1		0	9	2019-12-01 00:26:21.699756	2019-12-01 00:26:24.591023	0:00:02.891267	0.6758333333333333	1.0	1.0	0.16666666666666666	0.1	
0	0	4	0	4		35	5000	4	0.5	1.0	0	0	0.01	0.01	0.09	0.09	1	1.01	0	0	0	0	0.8600	0.1400	0.205	0.175	0	0	10	13	1.930	0.9	1	0	0	0	8		0.1	0.7		0	11	2019-12-01 00:26:21.875287	2019-12-01 00:26:24.599998	0:00:02.724711	0.6716666666666666	1.0	1.0	0.16666666666666666	0.1	
0	0	3	0	3		40	5000	4	0.5	1.0	1	-1	0	0	0	0	1	1.01	0	0	0	0	0.8550	0.1450	0.205	0.175	0.5	5	5	14	1.935	0.9	1	0	0	0	8		0.1	0.2		1	10	2019-12-01 00:26:21.874289	2019-12-01 00:26:24.608975	0:00:02.734686	0.6716666666666666	1.0	1.0	0.16666666666666666	0.1	
0	0	4	0	4		35	5000	4	0.5	1.0	0	0	0.01	0.01	0.09	0.09	1	1.01	0	0	0	0	0.8600	0.1400	0.205	0.175	0	0	10	13	1.930	0.9	1	0	0	0	8		0.1	0.7		0	12	2019-12-01 00:26:21.875287	2019-12-01 00:26:24.762564	0:00:02.887277	0.6716666666666666	1.0	1.0	0.16666666666666666	0.1	
0	0	3	0	3		40	5000	4	0.5	1.0	1	-1	0	0	0	0	1	1.01	0	0	0	0	0.8550	0.1450	0.205	0.175	0.5	5	5	14	1.935	0.9	1	0	0	0	8		0.1	0.2		1	11	2019-12-01 00:26:21.874289	2019-12-01 00:26:24.809438	0:00:02.935149	0.6716666666666666	1.0	1.0	0.16666666666666666	0.1	
0	0	1	0	1		40	5000	4	0.5	1.0	1	-1	0	0	0	0	1	1.01	0	0	0	0	0.8400	0.1600	0.2	0.175	0.5	5	5	13	1.940	0.9	1	0	0	0	2		0.1	0.5		1	12	2019-12-01 00:26:21.655874	2019-12-01 00:26:24.860302	0:00:03.204428	0.6758333333333333	1.0	1.0	0.16666666666666666	0.1	
0	0	2	0	2		45	5000	4	0.4	1.0	1	-1	0	0	0	0	1	1.01	0	0	0	0	0.8500	0.1500	0.2	0.175	0	0	10	13	1.935	0.9	1	0	0	0	2		0.1	0.1		0	10	2019-12-01 00:26:21.699756	2019-12-01 00:26:24.866286	0:00:03.166530	0.6758333333333333	1.0	1.0	0.16666666666666666	0.1	
0	0	4	0	4		35	5000	4	0.5	1.0	0	0	0.01	0.01	0.09	0.09	1	1.01	0	0	0	0	0.8600	0.1400	0.205	0.175	0	0	10	13	1.930	0.9	1	0	0	0	8		0.1	0.7		0	13	2019-12-01 00:26:21.875287	2019-12-01 00:26:24.933107	0:00:03.057820	0.6716666666666666	1.0	1.0	0.16666666666666666	0.1	
0	0	0	0	0		50	5000	4	0.5	1.0	1	-1	0	0	0	0	1	1.01	0	0	0	0	0.8300	0.1700	0.2	0.175	0	0	10	13	1.940	0.9	1	0	0	0	1		0.1	0.7		0	8	2019-12-01 00:26:21.655874	2019-12-01 00:26:24.973998	0:00:03.318124	0.6758333333333333	1.0	1.0	0.16666666666666666	0.1	
0	0	3	0	3		40	5000	4	0.5	1.0	1	-1	0	0	0	0	1	1.01	0	0	0	0	0.8550	0.1450	0.205	0.175	0.5	5	5	14	1.935	0.9	1	0	0	0	8		0.1	0.2		1	12	2019-12-01 00:26:21.874289	2019-12-01 00:26:25.110634	0:00:03.236345	0.6716666666666666	1.0	1.0	0.16666666666666666	0.1	
0	0	1	0	1		40	5000	4	0.5	1.0	1	-1	0	0	0	0	1	1.01	0	0	0	0	0.8400	0.1600	0.2	0.175	0.5	5	5	13	1.940	0.9	1	0	0	0	2		0.1	0.5		1	13	2019-12-01 00:26:21.655874	2019-12-01 00:26:25.215352	0:00:03.559478	0.6758333333333333	1.0	1.0	0.16666666666666666	0.1	
0	0	0	0	0		50	5000	4	0.5	1.0	1	-1	0	0	0	0	1	1.01	0	0	0	0	0.8300	0.1700	0.2	0.175	0	0	10	13	1.940	0.9	1	0	0	0	1		0.1	0.7		0	9	2019-12-01 00:26:21.655874	2019-12-01 00:26:25.351988	0:00:03.696114	0.6758333333333333	1.0	1.0	0.16666666666666666	0.1	
0	0	3	0	3		40	5000	4	0.5	1.0	1	-1	0	0	0	0	1	1.01	0	0	0	0	0.8550	0.1450	0.205	0.175	0.5	5	5	14	1.935	0.9	1	0	0	0	8		0.1	0.2		1	13	2019-12-01 00:26:21.874289	2019-12-01 00:26:25.361961	0:00:03.487672	0.6716666666666666	1.0	1.0	0.16666666666666666	0.1	
0	0	0	0	0		50	5000	4	0.5	1.0	1	-1	0	0	0	0	1	1.01	0	0	0	0	0.8300	0.1700	0.2	0.175	0	0	10	13	1.940	0.9	1	0	0	0	1		0.1	0.7		0	10	2019-12-01 00:26:21.655874	2019-12-01 00:26:25.915485	0:00:04.259611	0.6758333333333333	1.0	1.0	0.16666666666666666	0.1	
0	0	0	0	0		50	5000	4	0.5	1.0	1	-1	0	0	0	0	1	1.01	0	0	0	0	0.8300	0.1700	0.2	0.175	0	0	10	13	1.940	0.9	1	0	0	0	1		0.1	0.7		0	11	2019-12-01 00:26:21.655874	2019-12-01 00:26:26.416142	0:00:04.760268	0.6758333333333333	1.0	1.0	0.16666666666666666	0.1	
0	0	4	0	4		35	5000	4	0.5	1.0	0	0	0.01	0.01	0.09	0.09	1	1.01	0	0	0	0	0.8600	0.1400	0.205	0.175	0	0	10	13	1.930	0.9	1	0	0	0	8		0.1	0.7		0	1	2019-12-01 00:27:02.256824	2019-12-01 00:27:02.560014	0:00:00.303190	0.18895238095238098	0.5	0.7	0.14285714285714285	0.06666666666666667	
0	0	1	0	1		40	5000	4	0.5	1.0	1	-1	0	0	0	0	1	1.01	0	0	0	0	0.8400	0.1600	0.2	0.175	0.5	5	5	13	1.940	0.9	1	0	0	0	2		0.1	0.5		1	1	2019-12-01 00:27:02.261811	2019-12-01 00:27:02.604895	0:00:00.343084	-0.09199999999999998	-0.16666666666666666	0.3	0	0	
0	0	2	0	2		45	5000	4	0.4	1.0	1	-1	0	0	0	0	1	1.01	0	0	0	0	0.8500	0.1500	0.2	0.175	0	0	10	13	1.935	0.9	1	0	0	0	2		0.1	0.1		0	1	2019-12-01 00:27:02.259818	2019-12-01 00:27:02.653763	0:00:00.393945	-0.20583333333333337	0.0	0.6	0.25	0.16666666666666666	
0	0	3	0	3		40	5000	4	0.5	1.0	1	-1	0	0	0	0	1	1.01	0	0	0	0	0.8550	0.1450	0.205	0.175	0.5	5	5	14	1.935	0.9	1	0	0	0	8		0.1	0.2		1	1	2019-12-01 00:27:02.317662	2019-12-01 00:27:02.756488	0:00:00.438826	0.087	0.0	0.6	0	0	
0	0	4	0	4		35	5000	4	0.5	1.0	0	0	0.01	0.01	0.09	0.09	1	1.01	0	0	0	0	0.8600	0.1400	0.205	0.175	0	0	10	13	1.930	0.9	1	0	0	0	8		0.1	0.7		0	2	2019-12-01 00:27:02.256824	2019-12-01 00:27:02.763470	0:00:00.506646	0.504452380952381	0.8333333333333334	0.9	0.14285714285714285	0.07142857142857142	
0	0	0	0	0		50	5000	4	0.5	1.0	1	-1	0	0	0	0	1	1.01	0	0	0	0	0.8300	0.1700	0.2	0.175	0	0	10	13	1.940	0.9	1	0	0	0	1		0.1	0.7		0	1	2019-12-01 00:27:02.257822	2019-12-01 00:27:02.821315	0:00:00.563493	0.23787499999999992	0.5	0.8	0.2	0.125	
0	0	1	0	1		40	5000	4	0.5	1.0	1	-1	0	0	0	0	1	1.01	0	0	0	0	0.8400	0.1600	0.2	0.175	0.5	5	5	13	1.940	0.9	1	0	0	0	2		0.1	0.5		1	2	2019-12-01 00:27:02.261811	2019-12-01 00:27:02.985875	0:00:00.724064	0.844	0.8333333333333334	0.9	0	0	
0	0	3	0	3		40	5000	4	0.5	1.0	1	-1	0	0	0	0	1	1.01	0	0	0	0	0.8550	0.1450	0.205	0.175	0.5	5	5	14	1.935	0.9	1	0	0	0	8		0.1	0.2		1	2	2019-12-01 00:27:02.317662	2019-12-01 00:27:02.995847	0:00:00.678185	0.10149999999999999	0.0	0.7	0	0	
0	0	2	0	2		45	5000	4	0.4	1.0	1	-1	0	0	0	0	1	1.01	0	0	0	0	0.8500	0.1500	0.2	0.175	0	0	10	13	1.935	0.9	1	0	0	0	2		0.1	0.1		0	2	2019-12-01 00:27:02.259818	2019-12-01 00:27:03.021778	0:00:00.761960	0.5094047619047619	0.8333333333333334	0.9	0.14285714285714285	0.07142857142857142	
0	0	4	0	4		35	5000	4	0.5	1.0	0	0	0.01	0.01	0.09	0.09	1	1.01	0	0	0	0	0.8600	0.1400	0.205	0.175	0	0	10	13	1.930	0.9	1	0	0	0	8		0.1	0.7		0	3	2019-12-01 00:27:02.256824	2019-12-01 00:27:03.036739	0:00:00.779915	0.504452380952381	0.8333333333333334	0.9	0.14285714285714285	0.07142857142857142	
0	0	4	0	4		35	5000	4	0.5	1.0	0	0	0.01	0.01	0.09	0.09	1	1.01	0	0	0	0	0.8600	0.1400	0.205	0.175	0	0	10	13	1.930	0.9	1	0	0	0	8		0.1	0.7		0	4	2019-12-01 00:27:02.256824	2019-12-01 00:27:03.227229	0:00:00.970405	0.6115795454545454	1.0	0.7	0.125	0.045454545454545456	
0	0	1	0	1		40	5000	4	0.5	1.0	1	-1	0	0	0	0	1	1.01	0	0	0	0	0.8400	0.1600	0.2	0.175	0.5	5	5	13	1.940	0.9	1	0	0	0	2		0.1	0.5		1	3	2019-12-01 00:27:02.261811	2019-12-01 00:27:03.228227	0:00:00.966416	0.8333333333333333	1.0	1.0	0.16666666666666666	0	
0	0	0	0	0		50	5000	4	0.5	1.0	1	-1	0	0	0	0	1	1.01	0	0	0	0	0.8300	0.1700	0.2	0.175	0	0	10	13	1.940	0.9	1	0	0	0	1		0.1	0.7		0	2	2019-12-01 00:27:02.257822	2019-12-01 00:27:03.292056	0:00:01.034234	0.5107380952380952	0.8333333333333334	0.9	0.14285714285714285	0.07142857142857142	
0	0	2	0	2		45	5000	4	0.4	1.0	1	-1	0	0	0	0	1	1.01	0	0	0	0	0.8500	0.1500	0.2	0.175	0	0	10	13	1.935	0.9	1	0	0	0	2		0.1	0.1		0	3	2019-12-01 00:27:02.259818	2019-12-01 00:27:03.312002	0:00:01.052184	0.5094047619047619	0.8333333333333334	0.9	0.14285714285714285	0.07142857142857142	
0	0	3	0	3		40	5000	4	0.5	1.0	1	-1	0	0	0	0	1	1.01	0	0	0	0	0.8550	0.1450	0.205	0.175	0.5	5	5	14	1.935	0.9	1	0	0	0	8		0.1	0.2		1	3	2019-12-01 00:27:02.317662	2019-12-01 00:27:03.325965	0:00:01.008303	0.6569999999999999	0.6666666666666666	0.6	0	0	
0	0	4	0	4		35	5000	4	0.5	1.0	0	0	0.01	0.01	0.09	0.09	1	1.01	0	0	0	0	0.8600	0.1400	0.205	0.175	0	0	10	13	1.930	0.9	1	0	0	0	8		0.1	0.7		0	5	2019-12-01 00:27:02.256824	2019-12-01 00:27:03.423704	0:00:01.166880	0.6477857142857143	1.0	0.9	0.14285714285714285	0.07142857142857142	
0	0	1	0	1		40	5000	4	0.5	1.0	1	-1	0	0	0	0	1	1.01	0	0	0	0	0.8400	0.1600	0.2	0.175	0.5	5	5	13	1.940	0.9	1	0	0	0	2		0.1	0.5		1	4	2019-12-01 00:27:02.261811	2019-12-01 00:27:03.505484	0:00:01.243673	0.8333333333333333	1.0	1.0	0.16666666666666666	0	
0	0	3	0	3		40	5000	4	0.5	1.0	1	-1	0	0	0	0	1	1.01	0	0	0	0	0.8550	0.1450	0.205	0.175	0.5	5	5	14	1.935	0.9	1	0	0	0	8		0.1	0.2		1	4	2019-12-01 00:27:02.317662	2019-12-01 00:27:03.561336	0:00:01.243674	0.6431666666666667	0.8333333333333334	0.7	0.16666666666666666	0	
0	0	4	0	4		35	5000	4	0.5	1.0	0	0	0.01	0.01	0.09	0.09	1	1.01	0	0	0	0	0.8600	0.1400	0.205	0.175	0	0	10	13	1.930	0.9	1	0	0	0	8		0.1	0.7		0	6	2019-12-01 00:27:02.256824	2019-12-01 00:27:03.621176	0:00:01.364352	0.6477857142857143	1.0	0.9	0.14285714285714285	0.07142857142857142	
0	0	0	0	0		50	5000	4	0.5	1.0	1	-1	0	0	0	0	1	1.01	0	0	0	0	0.8300	0.1700	0.2	0.175	0	0	10	13	1.940	0.9	1	0	0	0	1		0.1	0.7		0	3	2019-12-01 00:27:02.257822	2019-12-01 00:27:03.720909	0:00:01.463087	0.6717948717948717	1.0	1.0	0.16666666666666666	0.07692307692307693	
0	0	2	0	2		45	5000	4	0.4	1.0	1	-1	0	0	0	0	1	1.01	0	0	0	0	0.8500	0.1500	0.2	0.175	0	0	10	13	1.935	0.9	1	0	0	0	2		0.1	0.1		0	4	2019-12-01 00:27:02.259818	2019-12-01 00:27:03.773767	0:00:01.513949	0.6717948717948717	1.0	1.0	0.16666666666666666	0.07692307692307693	
0	0	3	0	3		40	5000	4	0.5	1.0	1	-1	0	0	0	0	1	1.01	0	0	0	0	0.8550	0.1450	0.205	0.175	0.5	5	5	14	1.935	0.9	1	0	0	0	8		0.1	0.2		1	5	2019-12-01 00:27:02.317662	2019-12-01 00:27:03.769778	0:00:01.452116	0.6431666666666667	0.8333333333333334	0.7	0.16666666666666666	0	
0	0	1	0	1		40	5000	4	0.5	1.0	1	-1	0	0	0	0	1	1.01	0	0	0	0	0.8400	0.1600	0.2	0.175	0.5	5	5	13	1.940	0.9	1	0	0	0	2		0.1	0.5		1	5	2019-12-01 00:27:02.261811	2019-12-01 00:27:03.803687	0:00:01.541876	0.8333333333333333	1.0	1.0	0.16666666666666666	0	
0	0	4	0	4		35	5000	4	0.5	1.0	0	0	0.01	0.01	0.09	0.09	1	1.01	0	0	0	0	0.8600	0.1400	0.205	0.175	0	0	10	13	1.930	0.9	1	0	0	0	8		0.1	0.7		0	7	2019-12-01 00:27:02.256824	2019-12-01 00:27:03.874497	0:00:01.617673	0.66875	1.0	1.0	0.16666666666666666	0.08333333333333333	
0	0	3	0	3		40	5000	4	0.5	1.0	1	-1	0	0	0	0	1	1.01	0	0	0	0	0.8550	0.1450	0.205	0.175	0.5	5	5	14	1.935	0.9	1	0	0	0	8		0.1	0.2		1	6	2019-12-01 00:27:02.317662	2019-12-01 00:27:04.006145	0:00:01.688483	0.8097857142857143	1.0	0.9	0.14285714285714285	0	
0	0	0	0	0		50	5000	4	0.5	1.0	1	-1	0	0	0	0	1	1.01	0	0	0	0	0.8300	0.1700	0.2	0.175	0	0	10	13	1.940	0.9	1	0	0	0	1		0.1	0.7		0	4	2019-12-01 00:27:02.257822	2019-12-01 00:27:04.038060	0:00:01.780238	0.6758333333333333	1.0	1.0	0.16666666666666666	0.1	
0	0	1	0	1		40	5000	4	0.5	1.0	1	-1	0	0	0	0	1	1.01	0	0	0	0	0.8400	0.1600	0.2	0.175	0.5	5	5	13	1.940	0.9	1	0	0	0	2		0.1	0.5		1	6	2019-12-01 00:27:02.261811	2019-12-01 00:27:04.053020	0:00:01.791209	0.8333333333333333	1.0	1.0	0.16666666666666666	0	
0	0	2	0	2		45	5000	4	0.4	1.0	1	-1	0	0	0	0	1	1.01	0	0	0	0	0.8500	0.1500	0.2	0.175	0	0	10	13	1.935	0.9	1	0	0	0	2		0.1	0.1		0	5	2019-12-01 00:27:02.259818	2019-12-01 00:27:04.076956	0:00:01.817138	0.6758333333333333	1.0	1.0	0.16666666666666666	0.1	
0	0	4	0	4		35	5000	4	0.5	1.0	0	0	0.01	0.01	0.09	0.09	1	1.01	0	0	0	0	0.8600	0.1400	0.205	0.175	0	0	10	13	1.930	0.9	1	0	0	0	8		0.1	0.7		0	8	2019-12-01 00:27:02.256824	2019-12-01 00:27:04.187660	0:00:01.930836	0.6716666666666666	1.0	1.0	0.16666666666666666	0.1	
0	0	3	0	3		40	5000	4	0.5	1.0	1	-1	0	0	0	0	1	1.01	0	0	0	0	0.8550	0.1450	0.205	0.175	0.5	5	5	14	1.935	0.9	1	0	0	0	8		0.1	0.2		1	7	2019-12-01 00:27:02.317662	2019-12-01 00:27:04.188658	0:00:01.870996	0.8097857142857143	1.0	0.9	0.14285714285714285	0	
0	0	1	0	1		40	5000	4	0.5	1.0	1	-1	0	0	0	0	1	1.01	0	0	0	0	0.8400	0.1600	0.2	0.175	0.5	5	5	13	1.940	0.9	1	0	0	0	2		0.1	0.5		1	7	2019-12-01 00:27:02.261811	2019-12-01 00:27:04.250492	0:00:01.988681	0.8333333333333333	1.0	1.0	0.16666666666666666	0	
0	0	4	0	4		35	5000	4	0.5	1.0	0	0	0.01	0.01	0.09	0.09	1	1.01	0	0	0	0	0.8600	0.1400	0.205	0.175	0	0	10	13	1.930	0.9	1	0	0	0	8		0.1	0.7		0	9	2019-12-01 00:27:02.256824	2019-12-01 00:27:04.357206	0:00:02.100382	0.6716666666666666	1.0	1.0	0.16666666666666666	0.1	
0	0	2	0	2		45	5000	4	0.4	1.0	1	-1	0	0	0	0	1	1.01	0	0	0	0	0.8500	0.1500	0.2	0.175	0	0	10	13	1.935	0.9	1	0	0	0	2		0.1	0.1		0	6	2019-12-01 00:27:02.259818	2019-12-01 00:27:04.428017	0:00:02.168199	0.6758333333333333	1.0	1.0	0.16666666666666666	0.1	
0	0	0	0	0		50	5000	4	0.5	1.0	1	-1	0	0	0	0	1	1.01	0	0	0	0	0.8300	0.1700	0.2	0.175	0	0	10	13	1.940	0.9	1	0	0	0	1		0.1	0.7		0	5	2019-12-01 00:27:02.257822	2019-12-01 00:27:04.489852	0:00:02.232030	0.6758333333333333	1.0	1.0	0.16666666666666666	0.1	
0	0	3	0	3		40	5000	4	0.5	1.0	1	-1	0	0	0	0	1	1.01	0	0	0	0	0.8550	0.1450	0.205	0.175	0.5	5	5	14	1.935	0.9	1	0	0	0	8		0.1	0.2		1	8	2019-12-01 00:27:02.317662	2019-12-01 00:27:04.489852	0:00:02.172190	0.8291666666666666	1.0	1.0	0.16666666666666666	0	
0	0	4	0	4		35	5000	4	0.5	1.0	0	0	0.01	0.01	0.09	0.09	1	1.01	0	0	0	0	0.8600	0.1400	0.205	0.175	0	0	10	13	1.930	0.9	1	0	0	0	8		0.1	0.7		0	10	2019-12-01 00:27:02.256824	2019-12-01 00:27:04.608535	0:00:02.351711	0.6716666666666666	1.0	1.0	0.16666666666666666	0.1	
0	0	1	0	1		40	5000	4	0.5	1.0	1	-1	0	0	0	0	1	1.01	0	0	0	0	0.8400	0.1600	0.2	0.175	0.5	5	5	13	1.940	0.9	1	0	0	0	2		0.1	0.5		1	8	2019-12-01 00:27:02.261811	2019-12-01 00:27:04.653414	0:00:02.391603	0.6758333333333333	1.0	1.0	0.16666666666666666	0.1	
0	0	3	0	3		40	5000	4	0.5	1.0	1	-1	0	0	0	0	1	1.01	0	0	0	0	0.8550	0.1450	0.205	0.175	0.5	5	5	14	1.935	0.9	1	0	0	0	8		0.1	0.2		1	9	2019-12-01 00:27:02.317662	2019-12-01 00:27:04.712257	0:00:02.394595	0.8291666666666666	1.0	1.0	0.16666666666666666	0	
0	0	2	0	2		45	5000	4	0.4	1.0	1	-1	0	0	0	0	1	1.01	0	0	0	0	0.8500	0.1500	0.2	0.175	0	0	10	13	1.935	0.9	1	0	0	0	2		0.1	0.1		0	7	2019-12-01 00:27:02.259818	2019-12-01 00:27:04.718240	0:00:02.458422	0.6758333333333333	1.0	1.0	0.16666666666666666	0.1	
0	0	4	0	4		35	5000	4	0.5	1.0	0	0	0.01	0.01	0.09	0.09	1	1.01	0	0	0	0	0.8600	0.1400	0.205	0.175	0	0	10	13	1.930	0.9	1	0	0	0	8		0.1	0.7		0	11	2019-12-01 00:27:02.256824	2019-12-01 00:27:04.799025	0:00:02.542201	0.6716666666666666	1.0	1.0	0.16666666666666666	0.1	
0	0	1	0	1		40	5000	4	0.5	1.0	1	-1	0	0	0	0	1	1.01	0	0	0	0	0.8400	0.1600	0.2	0.175	0.5	5	5	13	1.940	0.9	1	0	0	0	2		0.1	0.5		1	9	2019-12-01 00:27:02.261811	2019-12-01 00:27:04.846896	0:00:02.585085	0.6758333333333333	1.0	1.0	0.16666666666666666	0.1	
0	0	0	0	0		50	5000	4	0.5	1.0	1	-1	0	0	0	0	1	1.01	0	0	0	0	0.8300	0.1700	0.2	0.175	0	0	10	13	1.940	0.9	1	0	0	0	1		0.1	0.7		0	6	2019-12-01 00:27:02.257822	2019-12-01 00:27:04.857867	0:00:02.600045	0.6758333333333333	1.0	1.0	0.16666666666666666	0.1	
0	0	3	0	3		40	5000	4	0.5	1.0	1	-1	0	0	0	0	1	1.01	0	0	0	0	0.8550	0.1450	0.205	0.175	0.5	5	5	14	1.935	0.9	1	0	0	0	8		0.1	0.2		1	10	2019-12-01 00:27:02.317662	2019-12-01 00:27:04.888785	0:00:02.571123	0.8291666666666666	1.0	1.0	0.16666666666666666	0	
0	0	4	0	4		35	5000	4	0.5	1.0	0	0	0.01	0.01	0.09	0.09	1	1.01	0	0	0	0	0.8600	0.1400	0.205	0.175	0	0	10	13	1.930	0.9	1	0	0	0	8		0.1	0.7		0	12	2019-12-01 00:27:02.256824	2019-12-01 00:27:04.975552	0:00:02.718728	0.6716666666666666	1.0	1.0	0.16666666666666666	0.1	
0	0	3	0	3		40	5000	4	0.5	1.0	1	-1	0	0	0	0	1	1.01	0	0	0	0	0.8550	0.1450	0.205	0.175	0.5	5	5	14	1.935	0.9	1	0	0	0	8		0.1	0.2		1	11	2019-12-01 00:27:02.317662	2019-12-01 00:27:05.073291	0:00:02.755629	0.8291666666666666	1.0	1.0	0.16666666666666666	0	
0	0	2	0	2		45	5000	4	0.4	1.0	1	-1	0	0	0	0	1	1.01	0	0	0	0	0.8500	0.1500	0.2	0.175	0	0	10	13	1.935	0.9	1	0	0	0	2		0.1	0.1		0	8	2019-12-01 00:27:02.259818	2019-12-01 00:27:05.088251	0:00:02.828433	0.6758333333333333	1.0	1.0	0.16666666666666666	0.1	
0	0	1	0	1		40	5000	4	0.5	1.0	1	-1	0	0	0	0	1	1.01	0	0	0	0	0.8400	0.1600	0.2	0.175	0.5	5	5	13	1.940	0.9	1	0	0	0	2		0.1	0.5		1	10	2019-12-01 00:27:02.261811	2019-12-01 00:27:05.135126	0:00:02.873315	0.6758333333333333	1.0	1.0	0.16666666666666666	0.1	
0	0	4	0	4		35	5000	4	0.5	1.0	0	0	0.01	0.01	0.09	0.09	1	1.01	0	0	0	0	0.8600	0.1400	0.205	0.175	0	0	10	13	1.930	0.9	1	0	0	0	8		0.1	0.7		0	13	2019-12-01 00:27:02.256824	2019-12-01 00:27:05.192971	0:00:02.936147	0.6716666666666666	1.0	1.0	0.16666666666666666	0.1	
0	0	3	0	3		40	5000	4	0.5	1.0	1	-1	0	0	0	0	1	1.01	0	0	0	0	0.8550	0.1450	0.205	0.175	0.5	5	5	14	1.935	0.9	1	0	0	0	8		0.1	0.2		1	12	2019-12-01 00:27:02.317662	2019-12-01 00:27:05.258795	0:00:02.941133	0.8291666666666666	1.0	1.0	0.16666666666666666	0	
0	0	0	0	0		50	5000	4	0.5	1.0	1	-1	0	0	0	0	1	1.01	0	0	0	0	0.8300	0.1700	0.2	0.175	0	0	10	13	1.940	0.9	1	0	0	0	1		0.1	0.7		0	7	2019-12-01 00:27:02.257822	2019-12-01 00:27:05.277744	0:00:03.019922	0.6758333333333333	1.0	1.0	0.16666666666666666	0.1	
0	0	1	0	1		40	5000	4	0.5	1.0	1	-1	0	0	0	0	1	1.01	0	0	0	0	0.8400	0.1600	0.2	0.175	0.5	5	5	13	1.940	0.9	1	0	0	0	2		0.1	0.5		1	11	2019-12-01 00:27:02.261811	2019-12-01 00:27:05.324619	0:00:03.062808	0.6758333333333333	1.0	1.0	0.16666666666666666	0.1	
0	0	4	0	4		35	5000	4	0.5	1.0	0	0	0.01	0.01	0.09	0.09	1	1.01	0	0	0	0	0.8600	0.1400	0.205	0.175	0	0	10	13	1.930	0.9	1	0	0	0	8		0.1	0.7		0	14	2019-12-01 00:27:02.256824	2019-12-01 00:27:05.397425	0:00:03.140601	0.6716666666666666	1.0	1.0	0.16666666666666666	0.1	
0	0	2	0	2		45	5000	4	0.4	1.0	1	-1	0	0	0	0	1	1.01	0	0	0	0	0.8500	0.1500	0.2	0.175	0	0	10	13	1.935	0.9	1	0	0	0	2		0.1	0.1		0	9	2019-12-01 00:27:02.259818	2019-12-01 00:27:05.403408	0:00:03.143590	0.6758333333333333	1.0	1.0	0.16666666666666666	0.1	
0	0	3	0	3		40	5000	4	0.5	1.0	1	-1	0	0	0	0	1	1.01	0	0	0	0	0.8550	0.1450	0.205	0.175	0.5	5	5	14	1.935	0.9	1	0	0	0	8		0.1	0.2		1	13	2019-12-01 00:27:02.317662	2019-12-01 00:27:05.448288	0:00:03.130626	0.8291666666666666	1.0	1.0	0.16666666666666666	0	
0	0	0	0	0		50	5000	4	0.5	1.0	1	-1	0	0	0	0	1	1.01	0	0	0	0	0.8300	0.1700	0.2	0.175	0	0	10	13	1.940	0.9	1	0	0	0	1		0.1	0.7		0	8	2019-12-01 00:27:02.257822	2019-12-01 00:27:05.619829	0:00:03.362007	0.6758333333333333	1.0	1.0	0.16666666666666666	0.1	
0	0	4	0	4		35	5000	4	0.5	1.0	0	0	0.01	0.01	0.09	0.09	1	1.01	0	0	0	0	0.8600	0.1400	0.205	0.175	0	0	10	13	1.930	0.9	1	0	0	0	8		0.1	0.7		0	15	2019-12-01 00:27:02.256824	2019-12-01 00:27:05.636784	0:00:03.379960	0.6716666666666666	1.0	1.0	0.16666666666666666	0.1	
0	0	1	0	1		40	5000	4	0.5	1.0	1	-1	0	0	0	0	1	1.01	0	0	0	0	0.8400	0.1600	0.2	0.175	0.5	5	5	13	1.940	0.9	1	0	0	0	2		0.1	0.5		1	12	2019-12-01 00:27:02.261811	2019-12-01 00:27:05.665706	0:00:03.403895	0.6758333333333333	1.0	1.0	0.16666666666666666	0.1	
0	0	2	0	2		45	5000	4	0.4	1.0	1	-1	0	0	0	0	1	1.01	0	0	0	0	0.8500	0.1500	0.2	0.175	0	0	10	13	1.935	0.9	1	0	0	0	2		0.1	0.1		0	10	2019-12-01 00:27:02.259818	2019-12-01 00:27:05.726544	0:00:03.466726	0.6758333333333333	1.0	1.0	0.16666666666666666	0.1	
0	0	3	0	3		40	5000	4	0.5	1.0	1	-1	0	0	0	0	1	1.01	0	0	0	0	0.8550	0.1450	0.205	0.175	0.5	5	5	14	1.935	0.9	1	0	0	0	8		0.1	0.2		1	14	2019-12-01 00:27:02.317662	2019-12-01 00:27:05.742500	0:00:03.424838	0.6716666666666666	1.0	1.0	0.16666666666666666	0.1	
0	0	1	0	1		40	5000	4	0.5	1.0	1	-1	0	0	0	0	1	1.01	0	0	0	0	0.8400	0.1600	0.2	0.175	0.5	5	5	13	1.940	0.9	1	0	0	0	2		0.1	0.5		1	13	2019-12-01 00:27:02.261811	2019-12-01 00:27:05.865173	0:00:03.603362	0.6758333333333333	1.0	1.0	0.16666666666666666	0.1	
0	0	4	0	4		35	5000	4	0.5	1.0	0	0	0.01	0.01	0.09	0.09	1	1.01	0	0	0	0	0.8600	0.1400	0.205	0.175	0	0	10	13	1.930	0.9	1	0	0	0	8		0.1	0.7		0	16	2019-12-01 00:27:02.256824	2019-12-01 00:27:05.936981	0:00:03.680157	0.6716666666666666	1.0	1.0	0.16666666666666666	0.1	
0	0	0	0	0		50	5000	4	0.5	1.0	1	-1	0	0	0	0	1	1.01	0	0	0	0	0.8300	0.1700	0.2	0.175	0	0	10	13	1.940	0.9	1	0	0	0	1		0.1	0.7		0	9	2019-12-01 00:27:02.257822	2019-12-01 00:27:05.947952	0:00:03.690130	0.6758333333333333	1.0	1.0	0.16666666666666666	0.1	
0	0	3	0	3		40	5000	4	0.5	1.0	1	-1	0	0	0	0	1	1.01	0	0	0	0	0.8550	0.1450	0.205	0.175	0.5	5	5	14	1.935	0.9	1	0	0	0	8		0.1	0.2		1	15	2019-12-01 00:27:02.317662	2019-12-01 00:27:05.988842	0:00:03.671180	0.6716666666666666	1.0	1.0	0.16666666666666666	0.1	
0	0	2	0	2		45	5000	4	0.4	1.0	1	-1	0	0	0	0	1	1.01	0	0	0	0	0.8500	0.1500	0.2	0.175	0	0	10	13	1.935	0.9	1	0	0	0	2		0.1	0.1		0	11	2019-12-01 00:27:02.259818	2019-12-01 00:27:06.056661	0:00:03.796843	0.6758333333333333	1.0	1.0	0.16666666666666666	0.1	
0	0	1	0	1		40	5000	4	0.5	1.0	1	-1	0	0	0	0	1	1.01	0	0	0	0	0.8400	0.1600	0.2	0.175	0.5	5	5	13	1.940	0.9	1	0	0	0	2		0.1	0.5		1	14	2019-12-01 00:27:02.261811	2019-12-01 00:27:06.059653	0:00:03.797842	0.6758333333333333	1.0	1.0	0.16666666666666666	0.1	
0	0	4	0	4		35	5000	4	0.5	1.0	0	0	0.01	0.01	0.09	0.09	1	1.01	0	0	0	0	0.8600	0.1400	0.205	0.175	0	0	10	13	1.930	0.9	1	0	0	0	8		0.1	0.7		0	17	2019-12-01 00:27:02.256824	2019-12-01 00:27:06.099546	0:00:03.842722	0.6716666666666666	1.0	1.0	0.16666666666666666	0.1	
0	0	3	0	3		40	5000	4	0.5	1.0	1	-1	0	0	0	0	1	1.01	0	0	0	0	0.8550	0.1450	0.205	0.175	0.5	5	5	14	1.935	0.9	1	0	0	0	8		0.1	0.2		1	16	2019-12-01 00:27:02.317662	2019-12-01 00:27:06.226207	0:00:03.908545	0.6716666666666666	1.0	1.0	0.16666666666666666	0.1	
0	0	0	0	0		50	5000	4	0.5	1.0	1	-1	0	0	0	0	1	1.01	0	0	0	0	0.8300	0.1700	0.2	0.175	0	0	10	13	1.940	0.9	1	0	0	0	1		0.1	0.7		0	10	2019-12-01 00:27:02.257822	2019-12-01 00:27:06.247151	0:00:03.989329	0.6758333333333333	1.0	1.0	0.16666666666666666	0.1	
0	0	4	0	4		35	5000	4	0.5	1.0	0	0	0.01	0.01	0.09	0.09	1	1.01	0	0	0	0	0.8600	0.1400	0.205	0.175	0	0	10	13	1.930	0.9	1	0	0	0	8		0.1	0.7		0	18	2019-12-01 00:27:02.256824	2019-12-01 00:27:06.250143	0:00:03.993319	0.6716666666666666	1.0	1.0	0.16666666666666666	0.1	
0	0	2	0	2		45	5000	4	0.4	1.0	1	-1	0	0	0	0	1	1.01	0	0	0	0	0.8500	0.1500	0.2	0.175	0	0	10	13	1.935	0.9	1	0	0	0	2		0.1	0.1		0	12	2019-12-01 00:27:02.259818	2019-12-01 00:27:06.312976	0:00:04.053158	0.6758333333333333	1.0	1.0	0.16666666666666666	0.1	
0	0	3	0	3		40	5000	4	0.5	1.0	1	-1	0	0	0	0	1	1.01	0	0	0	0	0.8550	0.1450	0.205	0.175	0.5	5	5	14	1.935	0.9	1	0	0	0	8		0.1	0.2		1	17	2019-12-01 00:27:02.317662	2019-12-01 00:27:06.425674	0:00:04.108012	0.6716666666666666	1.0	1.0	0.16666666666666666	0.1	
0	0	2	0	2		45	5000	4	0.4	1.0	1	-1	0	0	0	0	1	1.01	0	0	0	0	0.8500	0.1500	0.2	0.175	0	0	10	13	1.935	0.9	1	0	0	0	2		0.1	0.1		0	13	2019-12-01 00:27:02.259818	2019-12-01 00:27:06.469557	0:00:04.209739	0.6758333333333333	1.0	1.0	0.16666666666666666	0.1	
0	0	0	0	0		50	5000	4	0.5	1.0	1	-1	0	0	0	0	1	1.01	0	0	0	0	0.8300	0.1700	0.2	0.175	0	0	10	13	1.940	0.9	1	0	0	0	1		0.1	0.7		0	11	2019-12-01 00:27:02.257822	2019-12-01 00:27:06.546350	0:00:04.288528	0.6758333333333333	1.0	1.0	0.16666666666666666	0.1	
0	0	3	0	3		40	5000	4	0.5	1.0	1	-1	0	0	0	0	1	1.01	0	0	0	0	0.8550	0.1450	0.205	0.175	0.5	5	5	14	1.935	0.9	1	0	0	0	8		0.1	0.2		1	18	2019-12-01 00:27:02.317662	2019-12-01 00:27:06.563305	0:00:04.245643	0.6716666666666666	1.0	1.0	0.16666666666666666	0.1	
0	0	3	0	3		40	5000	4	0.5	1.0	1	-1	0	0	0	0	1	1.01	0	0	0	0	0.8550	0.1450	0.205	0.175	0.5	5	5	14	1.935	0.9	1	0	0	0	8		0.1	0.2		1	19	2019-12-01 00:27:02.317662	2019-12-01 00:27:06.711908	0:00:04.394246	0.6716666666666666	1.0	1.0	0.16666666666666666	0.1	
0	0	2	0	2		45	5000	4	0.4	1.0	1	-1	0	0	0	0	1	1.01	0	0	0	0	0.8500	0.1500	0.2	0.175	0	0	10	13	1.935	0.9	1	0	0	0	2		0.1	0.1		0	14	2019-12-01 00:27:02.259818	2019-12-01 00:27:06.763769	0:00:04.503951	0.6758333333333333	1.0	1.0	0.16666666666666666	0.1	
0	0	0	0	0		50	5000	4	0.5	1.0	1	-1	0	0	0	0	1	1.01	0	0	0	0	0.8300	0.1700	0.2	0.175	0	0	10	13	1.940	0.9	1	0	0	0	1		0.1	0.7		0	12	2019-12-01 00:27:02.257822	2019-12-01 00:27:06.791696	0:00:04.533874	0.6758333333333333	1.0	1.0	0.16666666666666666	0.1	
0	0	3	0	3		40	5000	4	0.5	1.0	1	-1	0	0	0	0	1	1.01	0	0	0	0	0.8550	0.1450	0.205	0.175	0.5	5	5	14	1.935	0.9	1	0	0	0	8		0.1	0.2		1	20	2019-12-01 00:27:02.317662	2019-12-01 00:27:06.832585	0:00:04.514923	0.6716666666666666	1.0	1.0	0.16666666666666666	0.1	
0	0	2	0	2		45	5000	4	0.4	1.0	1	-1	0	0	0	0	1	1.01	0	0	0	0	0.8500	0.1500	0.2	0.175	0	0	10	13	1.935	0.9	1	0	0	0	2		0.1	0.1		0	15	2019-12-01 00:27:02.259818	2019-12-01 00:27:06.889433	0:00:04.629615	0.6758333333333333	1.0	1.0	0.16666666666666666	0.1	
0	0	0	0	0		50	5000	4	0.5	1.0	1	-1	0	0	0	0	1	1.01	0	0	0	0	0.8300	0.1700	0.2	0.175	0	0	10	13	1.940	0.9	1	0	0	0	1		0.1	0.7		0	13	2019-12-01 00:27:02.257822	2019-12-01 00:27:06.955282	0:00:04.697460	0.6758333333333333	1.0	1.0	0.16666666666666666	0.1	
0	0	0	0	0		50	5000	4	0.5	1.0	1	-1	0	0	0	0	1	1.01	0	0	0	0	0.8300	0.1700	0.2	0.175	0	0	10	13	1.940	0.9	1	0	0	0	1		0.1	0.7		0	14	2019-12-01 00:27:02.257822	2019-12-01 00:27:07.062969	0:00:04.805147	0.6758333333333333	1.0	1.0	0.16666666666666666	0.1	
0	0	1	0	1		40	5000	4	0.5	1.0	1	-1	0	0	0	0	1	1.01	0	0	0	0	0.8400	0.1600	0.2	0.175	0.5	5	5	13	1.940	0.9	1	0	0	0	2		0.1	0.5		1	1	2019-12-01 00:27:26.660566	2019-12-01 00:27:27.003647	0:00:00.343081	0.096	0.0	0.6	0	0	
0	0	4	0	4		35	5000	4	0.5	1.0	0	0	0.01	0.01	0.09	0.09	1	1.01	0	0	0	0	0.8600	0.1400	0.205	0.175	0	0	10	13	1.930	0.9	1	0	0	0	8		0.1	0.7		0	1	2019-12-01 00:27:26.661569	2019-12-01 00:27:27.059498	0:00:00.397929	0.054742424242424176	0.3333333333333333	0.7	0.16666666666666666	0.09090909090909091	
0	0	3	0	3		40	5000	4	0.5	1.0	1	-1	0	0	0	0	1	1.01	0	0	0	0	0.8550	0.1450	0.205	0.175	0.5	5	5	14	1.935	0.9	1	0	0	0	8		0.1	0.2		1	1	2019-12-01 00:27:26.656576	2019-12-01 00:27:27.080442	0:00:00.423866	0.087	0.0	0.6	0	0	
0	0	2	0	2		45	5000	4	0.4	1.0	1	-1	0	0	0	0	1	1.01	0	0	0	0	0.8500	0.1500	0.2	0.175	0	0	10	13	1.935	0.9	1	0	0	0	2		0.1	0.1		0	1	2019-12-01 00:27:26.653595	2019-12-01 00:27:27.148261	0:00:00.494666	-0.20583333333333337	0.0	0.6	0.25	0.16666666666666666	
0	0	0	0	0		50	5000	4	0.5	1.0	1	-1	0	0	0	0	1	1.01	0	0	0	0	0.8300	0.1700	0.2	0.175	0	0	10	13	1.940	0.9	1	0	0	0	1		0.1	0.7		0	1	2019-12-01 00:27:26.658570	2019-12-01 00:27:27.268937	0:00:00.610367	0.23787499999999992	0.5	0.8	0.2	0.125	
0	0	4	0	4		35	5000	4	0.5	1.0	0	0	0.01	0.01	0.09	0.09	1	1.01	0	0	0	0	0.8600	0.1400	0.205	0.175	0	0	10	13	1.930	0.9	1	0	0	0	8		0.1	0.7		0	2	2019-12-01 00:27:26.661569	2019-12-01 00:27:27.275919	0:00:00.614350	0.16666666666666666	0.5	0.5	0.16666666666666666	0.07142857142857142	
0	0	1	0	1		40	5000	4	0.5	1.0	1	-1	0	0	0	0	1	1.01	0	0	0	0	0.8400	0.1600	0.2	0.175	0.5	5	5	13	1.940	0.9	1	0	0	0	2		0.1	0.5		1	2	2019-12-01 00:27:26.660566	2019-12-01 00:27:27.348724	0:00:00.688158	0.548	0.5	0.8	0	0	
0	0	3	0	3		40	5000	4	0.5	1.0	1	-1	0	0	0	0	1	1.01	0	0	0	0	0.8550	0.1450	0.205	0.175	0.5	5	5	14	1.935	0.9	1	0	0	0	8		0.1	0.2		1	2	2019-12-01 00:27:26.656576	2019-12-01 00:27:27.454441	0:00:00.797865	0.3575	0.3333333333333333	0.5	0	0	
0	0	4	0	4		35	5000	4	0.5	1.0	0	0	0.01	0.01	0.09	0.09	1	1.01	0	0	0	0	0.8600	0.1400	0.205	0.175	0	0	10	13	1.930	0.9	1	0	0	0	8		0.1	0.7		0	3	2019-12-01 00:27:26.661569	2019-12-01 00:27:27.465412	0:00:00.803843	0.4847424242424242	0.8333333333333334	0.7	0.16666666666666666	0.09090909090909091	
0	0	2	0	2		45	5000	4	0.4	1.0	1	-1	0	0	0	0	1	1.01	0	0	0	0	0.8500	0.1500	0.2	0.175	0	0	10	13	1.935	0.9	1	0	0	0	2		0.1	0.1		0	2	2019-12-01 00:27:26.653595	2019-12-01 00:27:27.517274	0:00:00.863679	0.3319047619047618	0.6666666666666666	0.6666666666666667	0.14285714285714285	0.06666666666666667	
0	0	1	0	1		40	5000	4	0.5	1.0	1	-1	0	0	0	0	1	1.01	0	0	0	0	0.8400	0.1600	0.2	0.175	0.5	5	5	13	1.940	0.9	1	0	0	0	2		0.1	0.5		1	3	2019-12-01 00:27:26.660566	2019-12-01 00:27:27.594073	0:00:00.933507	0.8333333333333333	1.0	1.0	0.16666666666666666	0	
0	0	0	0	0		50	5000	4	0.5	1.0	1	-1	0	0	0	0	1	1.01	0	0	0	0	0.8300	0.1700	0.2	0.175	0	0	10	13	1.940	0.9	1	0	0	0	1		0.1	0.7		0	2	2019-12-01 00:27:26.658570	2019-12-01 00:27:27.704772	0:00:01.046202	0.6538333333333334	1.0	0.9	0.16666666666666666	0.07142857142857142	
0	0	4	0	4		35	5000	4	0.5	1.0	0	0	0.01	0.01	0.09	0.09	1	1.01	0	0	0	0	0.8600	0.1400	0.205	0.175	0	0	10	13	1.930	0.9	1	0	0	0	8		0.1	0.7		0	4	2019-12-01 00:27:26.661569	2019-12-01 00:27:27.831433	0:00:01.169864	0.6526666666666666	1.0	0.9	0.16666666666666666	0.07142857142857142	
0	0	3	0	3		40	5000	4	0.5	1.0	1	-1	0	0	0	0	1	1.01	0	0	0	0	0.8550	0.1450	0.205	0.175	0.5	5	5	14	1.935	0.9	1	0	0	0	8		0.1	0.2		1	3	2019-12-01 00:27:26.656576	2019-12-01 00:27:27.859358	0:00:01.202782	0.6666666666666666	0.6666666666666666	0.6666666666666667	0	0	
0	0	1	0	1		40	5000	4	0.5	1.0	1	-1	0	0	0	0	1	1.01	0	0	0	0	0.8400	0.1600	0.2	0.175	0.5	5	5	13	1.940	0.9	1	0	0	0	2		0.1	0.5		1	4	2019-12-01 00:27:26.660566	2019-12-01 00:27:27.904238	0:00:01.243672	0.8333333333333333	1.0	1.0	0.16666666666666666	0	
0	0	2	0	2		45	5000	4	0.4	1.0	1	-1	0	0	0	0	1	1.01	0	0	0	0	0.8500	0.1500	0.2	0.175	0	0	10	13	1.935	0.9	1	0	0	0	2		0.1	0.1		0	3	2019-12-01 00:27:26.653595	2019-12-01 00:27:27.956100	0:00:01.302505	0.6758333333333333	1.0	1.0	0.16666666666666666	0.1	
0	0	4	0	4		35	5000	4	0.5	1.0	0	0	0.01	0.01	0.09	0.09	1	1.01	0	0	0	0	0.8600	0.1400	0.205	0.175	0	0	10	13	1.930	0.9	1	0	0	0	8		0.1	0.7		0	5	2019-12-01 00:27:26.661569	2019-12-01 00:27:28.051844	0:00:01.390275	0.6526666666666666	1.0	0.9	0.16666666666666666	0.07142857142857142	
0	0	0	0	0		50	5000	4	0.5	1.0	1	-1	0	0	0	0	1	1.01	0	0	0	0	0.8300	0.1700	0.2	0.175	0	0	10	13	1.940	0.9	1	0	0	0	1		0.1	0.7		0	3	2019-12-01 00:27:26.658570	2019-12-01 00:27:28.071791	0:00:01.413221	0.6758333333333333	1.0	1.0	0.16666666666666666	0.1	
0	0	3	0	3		40	5000	4	0.5	1.0	1	-1	0	0	0	0	1	1.01	0	0	0	0	0.8550	0.1450	0.205	0.175	0.5	5	5	14	1.935	0.9	1	0	0	0	8		0.1	0.2		1	4	2019-12-01 00:27:26.656576	2019-12-01 00:27:28.087747	0:00:01.431171	0.4909523809523809	0.6666666666666666	0.6666666666666667	0.14285714285714285	0	
0	0	1	0	1		40	5000	4	0.5	1.0	1	-1	0	0	0	0	1	1.01	0	0	0	0	0.8400	0.1600	0.2	0.175	0.5	5	5	13	1.940	0.9	1	0	0	0	2		0.1	0.5		1	5	2019-12-01 00:27:26.660566	2019-12-01 00:27:28.104702	0:00:01.444136	0.8333333333333333	1.0	1.0	0.16666666666666666	0	
0	0	4	0	4		35	5000	4	0.5	1.0	0	0	0.01	0.01	0.09	0.09	1	1.01	0	0	0	0	0.8600	0.1400	0.205	0.175	0	0	10	13	1.930	0.9	1	0	0	0	8		0.1	0.7		0	6	2019-12-01 00:27:26.661569	2019-12-01 00:27:28.234355	0:00:01.572786	0.6638690476190476	1.0	1.0	0.14285714285714285	0.08333333333333333	
0	0	2	0	2		45	5000	4	0.4	1.0	1	-1	0	0	0	0	1	1.01	0	0	0	0	0.8500	0.1500	0.2	0.175	0	0	10	13	1.935	0.9	1	0	0	0	2		0.1	0.1		0	4	2019-12-01 00:27:26.653595	2019-12-01 00:27:28.302174	0:00:01.648579	0.6758333333333333	1.0	1.0	0.16666666666666666	0.1	
0	0	3	0	3		40	5000	4	0.5	1.0	1	-1	0	0	0	0	1	1.01	0	0	0	0	0.8550	0.1450	0.205	0.175	0.5	5	5	14	1.935	0.9	1	0	0	0	8		0.1	0.2		1	5	2019-12-01 00:27:26.656576	2019-12-01 00:27:28.333091	0:00:01.676515	0.4909523809523809	0.6666666666666666	0.6666666666666667	0.14285714285714285	0	
0	0	1	0	1		40	5000	4	0.5	1.0	1	-1	0	0	0	0	1	1.01	0	0	0	0	0.8400	0.1600	0.2	0.175	0.5	5	5	13	1.940	0.9	1	0	0	0	2		0.1	0.5		1	6	2019-12-01 00:27:26.660566	2019-12-01 00:27:28.367000	0:00:01.706434	0.8333333333333333	1.0	1.0	0.16666666666666666	0	
0	0	4	0	4		35	5000	4	0.5	1.0	0	0	0.01	0.01	0.09	0.09	1	1.01	0	0	0	0	0.8600	0.1400	0.205	0.175	0	0	10	13	1.930	0.9	1	0	0	0	8		0.1	0.7		0	7	2019-12-01 00:27:26.661569	2019-12-01 00:27:28.506627	0:00:01.845058	0.6716666666666666	1.0	1.0	0.16666666666666666	0.1	
0	0	2	0	2		45	5000	4	0.4	1.0	1	-1	0	0	0	0	1	1.01	0	0	0	0	0.8500	0.1500	0.2	0.175	0	0	10	13	1.935	0.9	1	0	0	0	2		0.1	0.1		0	5	2019-12-01 00:27:26.653595	2019-12-01 00:27:28.507624	0:00:01.854029	0.6758333333333333	1.0	1.0	0.16666666666666666	0.1	
0	0	0	0	0		50	5000	4	0.5	1.0	1	-1	0	0	0	0	1	1.01	0	0	0	0	0.8300	0.1700	0.2	0.175	0	0	10	13	1.940	0.9	1	0	0	0	1		0.1	0.7		0	4	2019-12-01 00:27:26.658570	2019-12-01 00:27:28.570457	0:00:01.911887	0.6758333333333333	1.0	1.0	0.16666666666666666	0.1	
0	0	1	0	1		40	5000	4	0.5	1.0	1	-1	0	0	0	0	1	1.01	0	0	0	0	0.8400	0.1600	0.2	0.175	0.5	5	5	13	1.940	0.9	1	0	0	0	2		0.1	0.5		1	7	2019-12-01 00:27:26.660566	2019-12-01 00:27:28.588408	0:00:01.927842	0.8333333333333333	1.0	1.0	0.16666666666666666	0	
0	0	3	0	3		40	5000	4	0.5	1.0	1	-1	0	0	0	0	1	1.01	0	0	0	0	0.8550	0.1450	0.205	0.175	0.5	5	5	14	1.935	0.9	1	0	0	0	8		0.1	0.2		1	6	2019-12-01 00:27:26.656576	2019-12-01 00:27:28.599379	0:00:01.942803	0.791625	1.0	0.8	0.125	0	
0	0	2	0	2		45	5000	4	0.4	1.0	1	-1	0	0	0	0	1	1.01	0	0	0	0	0.8500	0.1500	0.2	0.175	0	0	10	13	1.935	0.9	1	0	0	0	2		0.1	0.1		0	6	2019-12-01 00:27:26.653595	2019-12-01 00:27:28.827768	0:00:02.174173	0.6758333333333333	1.0	1.0	0.16666666666666666	0.1	
0	0	4	0	4		35	5000	4	0.5	1.0	0	0	0.01	0.01	0.09	0.09	1	1.01	0	0	0	0	0.8600	0.1400	0.205	0.175	0	0	10	13	1.930	0.9	1	0	0	0	8		0.1	0.7		0	8	2019-12-01 00:27:26.661569	2019-12-01 00:27:28.820787	0:00:02.159218	0.6716666666666666	1.0	1.0	0.16666666666666666	0.1	
0	0	1	0	1		40	5000	4	0.5	1.0	1	-1	0	0	0	0	1	1.01	0	0	0	0	0.8400	0.1600	0.2	0.175	0.5	5	5	13	1.940	0.9	1	0	0	0	2		0.1	0.5		1	8	2019-12-01 00:27:26.660566	2019-12-01 00:27:28.893591	0:00:02.233025	0.6758333333333333	1.0	1.0	0.16666666666666666	0.1	
0	0	3	0	3		40	5000	4	0.5	1.0	1	-1	0	0	0	0	1	1.01	0	0	0	0	0.8550	0.1450	0.205	0.175	0.5	5	5	14	1.935	0.9	1	0	0	0	8		0.1	0.2		1	7	2019-12-01 00:27:26.656576	2019-12-01 00:27:28.927501	0:00:02.270925	0.8291666666666666	1.0	1.0	0.16666666666666666	0	
0	0	0	0	0		50	5000	4	0.5	1.0	1	-1	0	0	0	0	1	1.01	0	0	0	0	0.8300	0.1700	0.2	0.175	0	0	10	13	1.940	0.9	1	0	0	0	1		0.1	0.7		0	5	2019-12-01 00:27:26.658570	2019-12-01 00:27:28.929497	0:00:02.270927	0.6758333333333333	1.0	1.0	0.16666666666666666	0.1	
0	0	1	0	1		40	5000	4	0.5	1.0	1	-1	0	0	0	0	1	1.01	0	0	0	0	0.8400	0.1600	0.2	0.175	0.5	5	5	13	1.940	0.9	1	0	0	0	2		0.1	0.5		1	9	2019-12-01 00:27:26.660566	2019-12-01 00:27:29.101038	0:00:02.440472	0.6758333333333333	1.0	1.0	0.16666666666666666	0.1	
0	0	4	0	4		35	5000	4	0.5	1.0	0	0	0.01	0.01	0.09	0.09	1	1.01	0	0	0	0	0.8600	0.1400	0.205	0.175	0	0	10	13	1.930	0.9	1	0	0	0	8		0.1	0.7		0	9	2019-12-01 00:27:26.661569	2019-12-01 00:27:29.107021	0:00:02.445452	0.6716666666666666	1.0	1.0	0.16666666666666666	0.1	
0	0	2	0	2		45	5000	4	0.4	1.0	1	-1	0	0	0	0	1	1.01	0	0	0	0	0.8500	0.1500	0.2	0.175	0	0	10	13	1.935	0.9	1	0	0	0	2		0.1	0.1		0	7	2019-12-01 00:27:26.653595	2019-12-01 00:27:29.189800	0:00:02.536205	0.6758333333333333	1.0	1.0	0.16666666666666666	0.1	
0	0	3	0	3		40	5000	4	0.5	1.0	1	-1	0	0	0	0	1	1.01	0	0	0	0	0.8550	0.1450	0.205	0.175	0.5	5	5	14	1.935	0.9	1	0	0	0	8		0.1	0.2		1	8	2019-12-01 00:27:26.656576	2019-12-01 00:27:29.238670	0:00:02.582094	0.8291666666666666	1.0	1.0	0.16666666666666666	0	
0	0	4	0	4		35	5000	4	0.5	1.0	0	0	0.01	0.01	0.09	0.09	1	1.01	0	0	0	0	0.8600	0.1400	0.205	0.175	0	0	10	13	1.930	0.9	1	0	0	0	8		0.1	0.7		0	10	2019-12-01 00:27:26.661569	2019-12-01 00:27:29.361341	0:00:02.699772	0.6716666666666666	1.0	1.0	0.16666666666666666	0.1	
0	0	1	0	1		40	5000	4	0.5	1.0	1	-1	0	0	0	0	1	1.01	0	0	0	0	0.8400	0.1600	0.2	0.175	0.5	5	5	13	1.940	0.9	1	0	0	0	2		0.1	0.5		1	10	2019-12-01 00:27:26.660566	2019-12-01 00:27:29.415197	0:00:02.754631	0.6758333333333333	1.0	1.0	0.16666666666666666	0.1	
0	0	3	0	3		40	5000	4	0.5	1.0	1	-1	0	0	0	0	1	1.01	0	0	0	0	0.8550	0.1450	0.205	0.175	0.5	5	5	14	1.935	0.9	1	0	0	0	8		0.1	0.2		1	9	2019-12-01 00:27:26.656576	2019-12-01 00:27:29.506952	0:00:02.850376	0.8291666666666666	1.0	1.0	0.16666666666666666	0	
0	0	0	0	0		50	5000	4	0.5	1.0	1	-1	0	0	0	0	1	1.01	0	0	0	0	0.8300	0.1700	0.2	0.175	0	0	10	13	1.940	0.9	1	0	0	0	1		0.1	0.7		0	6	2019-12-01 00:27:26.658570	2019-12-01 00:27:29.551831	0:00:02.893261	0.6758333333333333	1.0	1.0	0.16666666666666666	0.1	
0	0	2	0	2		45	5000	4	0.4	1.0	1	-1	0	0	0	0	1	1.01	0	0	0	0	0.8500	0.1500	0.2	0.175	0	0	10	13	1.935	0.9	1	0	0	0	2		0.1	0.1		0	8	2019-12-01 00:27:26.653595	2019-12-01 00:27:29.653559	0:00:02.999964	0.6758333333333333	1.0	1.0	0.16666666666666666	0.1	
0	0	4	0	4		35	5000	4	0.5	1.0	0	0	0.01	0.01	0.09	0.09	1	1.01	0	0	0	0	0.8600	0.1400	0.205	0.175	0	0	10	13	1.930	0.9	1	0	0	0	8		0.1	0.7		0	11	2019-12-01 00:27:26.661569	2019-12-01 00:27:29.667522	0:00:03.005953	0.6716666666666666	1.0	1.0	0.16666666666666666	0.1	
0	0	1	0	1		40	5000	4	0.5	1.0	1	-1	0	0	0	0	1	1.01	0	0	0	0	0.8400	0.1600	0.2	0.175	0.5	5	5	13	1.940	0.9	1	0	0	0	2		0.1	0.5		1	11	2019-12-01 00:27:26.660566	2019-12-01 00:27:29.688466	0:00:03.027900	0.6758333333333333	1.0	1.0	0.16666666666666666	0.1	
0	0	3	0	3		40	5000	4	0.5	1.0	1	-1	0	0	0	0	1	1.01	0	0	0	0	0.8550	0.1450	0.205	0.175	0.5	5	5	14	1.935	0.9	1	0	0	0	8		0.1	0.2		1	10	2019-12-01 00:27:26.656576	2019-12-01 00:27:29.716391	0:00:03.059815	0.8291666666666666	1.0	1.0	0.16666666666666666	0	
0	0	4	0	4		35	5000	4	0.5	1.0	0	0	0.01	0.01	0.09	0.09	1	1.01	0	0	0	0	0.8600	0.1400	0.205	0.175	0	0	10	13	1.930	0.9	1	0	0	0	8		0.1	0.7		0	12	2019-12-01 00:27:26.661569	2019-12-01 00:27:29.842055	0:00:03.180486	0.6716666666666666	1.0	1.0	0.16666666666666666	0.1	
0	0	2	0	2		45	5000	4	0.4	1.0	1	-1	0	0	0	0	1	1.01	0	0	0	0	0.8500	0.1500	0.2	0.175	0	0	10	13	1.935	0.9	1	0	0	0	2		0.1	0.1		0	9	2019-12-01 00:27:26.653595	2019-12-01 00:27:29.874967	0:00:03.221372	0.6758333333333333	1.0	1.0	0.16666666666666666	0.1	
0	0	0	0	0		50	5000	4	0.5	1.0	1	-1	0	0	0	0	1	1.01	0	0	0	0	0.8300	0.1700	0.2	0.175	0	0	10	13	1.940	0.9	1	0	0	0	1		0.1	0.7		0	7	2019-12-01 00:27:26.658570	2019-12-01 00:27:29.960738	0:00:03.302168	0.6758333333333333	1.0	1.0	0.16666666666666666	0.1	
0	0	3	0	3		40	5000	4	0.5	1.0	1	-1	0	0	0	0	1	1.01	0	0	0	0	0.8550	0.1450	0.205	0.175	0.5	5	5	14	1.935	0.9	1	0	0	0	8		0.1	0.2		1	11	2019-12-01 00:27:26.656576	2019-12-01 00:27:29.967719	0:00:03.311143	0.8291666666666666	1.0	1.0	0.16666666666666666	0	
0	0	1	0	1		40	5000	4	0.5	1.0	1	-1	0	0	0	0	1	1.01	0	0	0	0	0.8400	0.1600	0.2	0.175	0.5	5	5	13	1.940	0.9	1	0	0	0	2		0.1	0.5		1	12	2019-12-01 00:27:26.660566	2019-12-01 00:27:29.980685	0:00:03.320119	0.6758333333333333	1.0	1.0	0.16666666666666666	0.1	
0	0	4	0	4		35	5000	4	0.5	1.0	0	0	0.01	0.01	0.09	0.09	1	1.01	0	0	0	0	0.8600	0.1400	0.205	0.175	0	0	10	13	1.930	0.9	1	0	0	0	8		0.1	0.7		0	13	2019-12-01 00:27:26.661569	2019-12-01 00:27:30.048503	0:00:03.386934	0.6716666666666666	1.0	1.0	0.16666666666666666	0.1	
0	0	3	0	3		40	5000	4	0.5	1.0	1	-1	0	0	0	0	1	1.01	0	0	0	0	0.8550	0.1450	0.205	0.175	0.5	5	5	14	1.935	0.9	1	0	0	0	8		0.1	0.2		1	12	2019-12-01 00:27:26.656576	2019-12-01 00:27:30.145244	0:00:03.488668	0.8291666666666666	1.0	1.0	0.16666666666666666	0	
0	0	2	0	2		45	5000	4	0.4	1.0	1	-1	0	0	0	0	1	1.01	0	0	0	0	0.8500	0.1500	0.2	0.175	0	0	10	13	1.935	0.9	1	0	0	0	2		0.1	0.1		0	10	2019-12-01 00:27:26.653595	2019-12-01 00:27:30.169180	0:00:03.515585	0.6758333333333333	1.0	1.0	0.16666666666666666	0.1	
0	0	1	0	1		40	5000	4	0.5	1.0	1	-1	0	0	0	0	1	1.01	0	0	0	0	0.8400	0.1600	0.2	0.175	0.5	5	5	13	1.940	0.9	1	0	0	0	2		0.1	0.5		1	13	2019-12-01 00:27:26.660566	2019-12-01 00:27:30.236001	0:00:03.575435	0.6758333333333333	1.0	1.0	0.16666666666666666	0.1	
0	0	4	0	4		35	5000	4	0.5	1.0	0	0	0.01	0.01	0.09	0.09	1	1.01	0	0	0	0	0.8600	0.1400	0.205	0.175	0	0	10	13	1.930	0.9	1	0	0	0	8		0.1	0.7		0	14	2019-12-01 00:27:26.661569	2019-12-01 00:27:30.245974	0:00:03.584405	0.6716666666666666	1.0	1.0	0.16666666666666666	0.1	
0	0	0	0	0		50	5000	4	0.5	1.0	1	-1	0	0	0	0	1	1.01	0	0	0	0	0.8300	0.1700	0.2	0.175	0	0	10	13	1.940	0.9	1	0	0	0	1		0.1	0.7		0	8	2019-12-01 00:27:26.658570	2019-12-01 00:27:30.348700	0:00:03.690130	0.6758333333333333	1.0	1.0	0.16666666666666666	0.1	
0	0	3	0	3		40	5000	4	0.5	1.0	1	-1	0	0	0	0	1	1.01	0	0	0	0	0.8550	0.1450	0.205	0.175	0.5	5	5	14	1.935	0.9	1	0	0	0	8		0.1	0.2		1	13	2019-12-01 00:27:26.656576	2019-12-01 00:27:30.387596	0:00:03.731020	0.8291666666666666	1.0	1.0	0.16666666666666666	0	
0	0	2	0	2		45	5000	4	0.4	1.0	1	-1	0	0	0	0	1	1.01	0	0	0	0	0.8500	0.1500	0.2	0.175	0	0	10	13	1.935	0.9	1	0	0	0	2		0.1	0.1		0	11	2019-12-01 00:27:26.653595	2019-12-01 00:27:30.389590	0:00:03.735995	0.6758333333333333	1.0	1.0	0.16666666666666666	0.1	
0	0	4	0	4		35	5000	4	0.5	1.0	0	0	0.01	0.01	0.09	0.09	1	1.01	0	0	0	0	0.8600	0.1400	0.205	0.175	0	0	10	13	1.930	0.9	1	0	0	0	8		0.1	0.7		0	15	2019-12-01 00:27:26.661569	2019-12-01 00:27:30.553153	0:00:03.891584	0.6716666666666666	1.0	1.0	0.16666666666666666	0.1	
0	0	3	0	3		40	5000	4	0.5	1.0	1	-1	0	0	0	0	1	1.01	0	0	0	0	0.8550	0.1450	0.205	0.175	0.5	5	5	14	1.935	0.9	1	0	0	0	8		0.1	0.2		1	14	2019-12-01 00:27:26.656576	2019-12-01 00:27:30.652886	0:00:03.996310	0.6716666666666666	1.0	1.0	0.16666666666666666	0.1	
0	0	2	0	2		45	5000	4	0.4	1.0	1	-1	0	0	0	0	1	1.01	0	0	0	0	0.8500	0.1500	0.2	0.175	0	0	10	13	1.935	0.9	1	0	0	0	2		0.1	0.1		0	12	2019-12-01 00:27:26.653595	2019-12-01 00:27:30.742646	0:00:04.089051	0.6758333333333333	1.0	1.0	0.16666666666666666	0.1	
0	0	0	0	0		50	5000	4	0.5	1.0	1	-1	0	0	0	0	1	1.01	0	0	0	0	0.8300	0.1700	0.2	0.175	0	0	10	13	1.940	0.9	1	0	0	0	1		0.1	0.7		0	9	2019-12-01 00:27:26.658570	2019-12-01 00:27:30.787526	0:00:04.128956	0.6758333333333333	1.0	1.0	0.16666666666666666	0.1	
0	0	3	0	3		40	5000	4	0.5	1.0	1	-1	0	0	0	0	1	1.01	0	0	0	0	0.8550	0.1450	0.205	0.175	0.5	5	5	14	1.935	0.9	1	0	0	0	8		0.1	0.2		1	15	2019-12-01 00:27:26.656576	2019-12-01 00:27:30.829414	0:00:04.172838	0.6716666666666666	1.0	1.0	0.16666666666666666	0.1	
0	0	4	0	4		35	5000	4	0.5	1.0	0	0	0.01	0.01	0.09	0.09	1	1.01	0	0	0	0	0.8600	0.1400	0.205	0.175	0	0	10	13	1.930	0.9	1	0	0	0	8		0.1	0.7		0	16	2019-12-01 00:27:26.661569	2019-12-01 00:27:30.844375	0:00:04.182806	0.6716666666666666	1.0	1.0	0.16666666666666666	0.1	
0	0	4	0	4		35	5000	4	0.5	1.0	0	0	0.01	0.01	0.09	0.09	1	1.01	0	0	0	0	0.8600	0.1400	0.205	0.175	0	0	10	13	1.930	0.9	1	0	0	0	8		0.1	0.7		0	17	2019-12-01 00:27:26.661569	2019-12-01 00:27:30.997965	0:00:04.336396	0.6716666666666666	1.0	1.0	0.16666666666666666	0.1	
0	0	3	0	3		40	5000	4	0.5	1.0	1	-1	0	0	0	0	1	1.01	0	0	0	0	0.8550	0.1450	0.205	0.175	0.5	5	5	14	1.935	0.9	1	0	0	0	8		0.1	0.2		1	16	2019-12-01 00:27:26.656576	2019-12-01 00:27:31.064785	0:00:04.408209	0.6716666666666666	1.0	1.0	0.16666666666666666	0.1	
0	0	0	0	0		50	5000	4	0.5	1.0	1	-1	0	0	0	0	1	1.01	0	0	0	0	0.8300	0.1700	0.2	0.175	0	0	10	13	1.940	0.9	1	0	0	0	1		0.1	0.7		0	10	2019-12-01 00:27:26.658570	2019-12-01 00:27:31.170502	0:00:04.511932	0.6758333333333333	1.0	1.0	0.16666666666666666	0.1	
0	0	3	0	3		40	5000	4	0.5	1.0	1	-1	0	0	0	0	1	1.01	0	0	0	0	0.8550	0.1450	0.205	0.175	0.5	5	5	14	1.935	0.9	1	0	0	0	8		0.1	0.2		1	17	2019-12-01 00:27:26.656576	2019-12-01 00:27:31.225355	0:00:04.568779	0.6716666666666666	1.0	1.0	0.16666666666666666	0.1	
0	0	3	0	3		40	5000	4	0.5	1.0	1	-1	0	0	0	0	1	1.01	0	0	0	0	0.8550	0.1450	0.205	0.175	0.5	5	5	14	1.935	0.9	1	0	0	0	8		0.1	0.2		1	18	2019-12-01 00:27:26.656576	2019-12-01 00:27:31.334064	0:00:04.677488	0.6716666666666666	1.0	1.0	0.16666666666666666	0.1	
0	0	0	0	0		50	5000	4	0.5	1.0	1	-1	0	0	0	0	1	1.01	0	0	0	0	0.8300	0.1700	0.2	0.175	0	0	10	13	1.940	0.9	1	0	0	0	1		0.1	0.7		0	11	2019-12-01 00:27:26.658570	2019-12-01 00:27:31.383931	0:00:04.725361	0.6758333333333333	1.0	1.0	0.16666666666666666	0.1	
0	0	0	0	0		50	5000	4	0.5	1.0	1	-1	0	0	0	0	1	1.01	0	0	0	0	0.8300	0.1700	0.2	0.175	0	0	10	13	1.940	0.9	1	0	0	0	1		0.1	0.7		0	12	2019-12-01 00:27:26.658570	2019-12-01 00:27:31.561458	0:00:04.902888	0.6758333333333333	1.0	1.0	0.16666666666666666	0.1	
0	0	0	0	0		50	5000	4	0.5	1.0	1	-1	0	0	0	0	1	1.01	0	0	0	0	0.8300	0.1700	0.2	0.175	0	0	10	13	1.940	0.9	1	0	0	0	1		0.1	0.7		0	13	2019-12-01 00:27:26.658570	2019-12-01 00:27:31.703077	0:00:05.044507	0.6758333333333333	1.0	1.0	0.16666666666666666	0.1	
0	0	1	0	1		40	5000	4	0.5	1.0	1	-1	0	0	0	0	1	1.01	0	0	0	0	0.8400	0.1600	0.2	0.175	0.5	5	5	13	1.940	0.9	1	0	0	0	2		0.1	0.5		1	1	2019-12-01 00:28:55.771527	2019-12-01 00:28:56.060750	0:00:00.289223	0.096	0.0	0.6	0	0	
0	0	2	0	2		45	5000	4	0.4	1.0	1	-1	0	0	0	0	1	1.01	0	0	0	0	0.8500	0.1500	0.2	0.175	0	0	10	13	1.935	0.9	1	0	0	0	2		0.1	0.1		0	1	2019-12-01 00:28:55.772528	2019-12-01 00:28:56.094659	0:00:00.322131	0.02754385964912276	0.3333333333333333	0.5666666666666667	0.125	0.05263157894736842	
0	0	3	0	3		40	5000	4	0.5	1.0	1	-1	0	0	0	0	1	1.01	0	0	0	0	0.8550	0.1450	0.205	0.175	0.5	5	5	14	1.935	0.9	1	0	0	0	8		0.1	0.2		1	1	2019-12-01 00:28:55.774516	2019-12-01 00:28:56.098649	0:00:00.324133	0.5435	0.5	0.8	0	0	
0	0	0	0	0		50	5000	4	0.5	1.0	1	-1	0	0	0	0	1	1.01	0	0	0	0	0.8300	0.1700	0.2	0.175	0	0	10	13	1.940	0.9	1	0	0	0	1		0.1	0.7		0	1	2019-12-01 00:28:55.768533	2019-12-01 00:28:56.316067	0:00:00.547534	0.23190909090909081	0.5	0.8	0.2	0.09090909090909091	
0	0	1	0	1		40	5000	4	0.5	1.0	1	-1	0	0	0	0	1	1.01	0	0	0	0	0.8400	0.1600	0.2	0.175	0.5	5	5	13	1.940	0.9	1	0	0	0	2		0.1	0.5		1	2	2019-12-01 00:28:55.771527	2019-12-01 00:28:56.354963	0:00:00.583436	0.548	0.5	0.8	0	0	
0	0	3	0	3		40	5000	4	0.5	1.0	1	-1	0	0	0	0	1	1.01	0	0	0	0	0.8550	0.1450	0.205	0.175	0.5	5	5	14	1.935	0.9	1	0	0	0	8		0.1	0.2		1	2	2019-12-01 00:28:55.774516	2019-12-01 00:28:56.395853	0:00:00.621337	0.37949999999999995	0.5	0.8	0.2	0	
0	0	2	0	2		45	5000	4	0.4	1.0	1	-1	0	0	0	0	1	1.01	0	0	0	0	0.8500	0.1500	0.2	0.175	0	0	10	13	1.935	0.9	1	0	0	0	2		0.1	0.1		0	2	2019-12-01 00:28:55.772528	2019-12-01 00:28:56.449709	0:00:00.677181	0.23187499999999991	0.5	0.8	0.2	0.125	
0	0	4	0	4		35	5000	4	0.5	1.0	0	0	0.01	0.01	0.09	0.09	1	1.01	0	0	0	0	0.8600	0.1400	0.205	0.175	0	0	10	13	1.930	0.9	1	0	0	0	8		0.1	0.7		0	1	2019-12-01 00:28:56.055763	2019-12-01 00:28:56.471651	0:00:00.415888	0.2120757575757576	0.5	0.8	0.16666666666666666	0.09090909090909091	
0	0	1	0	1		40	5000	4	0.5	1.0	1	-1	0	0	0	0	1	1.01	0	0	0	0	0.8400	0.1600	0.2	0.175	0.5	5	5	13	1.940	0.9	1	0	0	0	2		0.1	0.5		1	3	2019-12-01 00:28:55.771527	2019-12-01 00:28:56.593325	0:00:00.821798	0.41999999999999993	0.5	1.0	0.2	0	
0	0	3	0	3		40	5000	4	0.5	1.0	1	-1	0	0	0	0	1	1.01	0	0	0	0	0.8550	0.1450	0.205	0.175	0.5	5	5	14	1.935	0.9	1	0	0	0	8		0.1	0.2		1	3	2019-12-01 00:28:55.774516	2019-12-01 00:28:56.632221	0:00:00.857705	0.8097857142857143	1.0	0.9	0.14285714285714285	0	
0	0	4	0	4		35	5000	4	0.5	1.0	0	0	0.01	0.01	0.09	0.09	1	1.01	0	0	0	0	0.8600	0.1400	0.205	0.175	0	0	10	13	1.930	0.9	1	0	0	0	8		0.1	0.7		0	2	2019-12-01 00:28:56.055763	2019-12-01 00:28:56.705027	0:00:00.649264	0.2120757575757576	0.5	0.8	0.16666666666666666	0.09090909090909091	
0	0	2	0	2		45	5000	4	0.4	1.0	1	-1	0	0	0	0	1	1.01	0	0	0	0	0.8500	0.1500	0.2	0.175	0	0	10	13	1.935	0.9	1	0	0	0	2		0.1	0.1		0	3	2019-12-01 00:28:55.772528	2019-12-01 00:28:56.738935	0:00:00.966407	0.23187499999999991	0.5	0.8	0.2	0.125	
0	0	0	0	0		50	5000	4	0.5	1.0	1	-1	0	0	0	0	1	1.01	0	0	0	0	0.8300	0.1700	0.2	0.175	0	0	10	13	1.940	0.9	1	0	0	0	1		0.1	0.7		0	2	2019-12-01 00:28:55.768533	2019-12-01 00:28:56.779826	0:00:01.011293	0.6468655462184874	1.0	0.9	0.14285714285714285	0.058823529411764705	
0	0	4	0	4		35	5000	4	0.5	1.0	0	0	0.01	0.01	0.09	0.09	1	1.01	0	0	0	0	0.8600	0.1400	0.205	0.175	0	0	10	13	1.930	0.9	1	0	0	0	8		0.1	0.7		0	3	2019-12-01 00:28:56.055763	2019-12-01 00:28:56.904493	0:00:00.848730	0.47939898989898994	0.8333333333333334	0.8	0.1111111111111111	0.045454545454545456	
0	0	1	0	1		40	5000	4	0.5	1.0	1	-1	0	0	0	0	1	1.01	0	0	0	0	0.8400	0.1600	0.2	0.175	0.5	5	5	13	1.940	0.9	1	0	0	0	2		0.1	0.5		1	4	2019-12-01 00:28:55.771527	2019-12-01 00:28:56.904493	0:00:01.132966	0.8125714285714285	1.0	0.9	0.14285714285714285	0	
0	0	3	0	3		40	5000	4	0.5	1.0	1	-1	0	0	0	0	1	1.01	0	0	0	0	0.8550	0.1450	0.205	0.175	0.5	5	5	14	1.935	0.9	1	0	0	0	8		0.1	0.2		1	4	2019-12-01 00:28:55.774516	2019-12-01 00:28:56.910477	0:00:01.135961	0.8097857142857143	1.0	0.9	0.14285714285714285	0	
0	0	2	0	2		45	5000	4	0.4	1.0	1	-1	0	0	0	0	1	1.01	0	0	0	0	0.8500	0.1500	0.2	0.175	0	0	10	13	1.935	0.9	1	0	0	0	2		0.1	0.1		0	4	2019-12-01 00:28:55.772528	2019-12-01 00:28:57.080024	0:00:01.307496	0.6758333333333333	1.0	1.0	0.16666666666666666	0.1	
0	0	4	0	4		35	5000	4	0.5	1.0	0	0	0.01	0.01	0.09	0.09	1	1.01	0	0	0	0	0.8600	0.1400	0.205	0.175	0	0	10	13	1.930	0.9	1	0	0	0	8		0.1	0.7		0	4	2019-12-01 00:28:56.055763	2019-12-01 00:28:57.095981	0:00:01.040218	0.6366805555555557	1.0	0.8666666666666668	0.125	0.05555555555555555	
0	0	3	0	3		40	5000	4	0.5	1.0	1	-1	0	0	0	0	1	1.01	0	0	0	0	0.8550	0.1450	0.205	0.175	0.5	5	5	14	1.935	0.9	1	0	0	0	8		0.1	0.2		1	5	2019-12-01 00:28:55.774516	2019-12-01 00:28:57.112935	0:00:01.338419	0.8291666666666666	1.0	1.0	0.16666666666666666	0	
0	0	1	0	1		40	5000	4	0.5	1.0	1	-1	0	0	0	0	1	1.01	0	0	0	0	0.8400	0.1600	0.2	0.175	0.5	5	5	13	1.940	0.9	1	0	0	0	2		0.1	0.5		1	5	2019-12-01 00:28:55.771527	2019-12-01 00:28:57.120914	0:00:01.349387	0.8173333333333332	1.0	0.9	0.16666666666666666	0	
0	0	0	0	0		50	5000	4	0.5	1.0	1	-1	0	0	0	0	1	1.01	0	0	0	0	0.8300	0.1700	0.2	0.175	0	0	10	13	1.940	0.9	1	0	0	0	1		0.1	0.7		0	3	2019-12-01 00:28:55.768533	2019-12-01 00:28:57.233612	0:00:01.465079	0.6758333333333333	1.0	1.0	0.16666666666666666	0.1	
0	0	4	0	4		35	5000	4	0.5	1.0	0	0	0.01	0.01	0.09	0.09	1	1.01	0	0	0	0	0.8600	0.1400	0.205	0.175	0	0	10	13	1.930	0.9	1	0	0	0	8		0.1	0.7		0	5	2019-12-01 00:28:56.055763	2019-12-01 00:28:57.288466	0:00:01.232703	0.6366805555555557	1.0	0.8666666666666668	0.125	0.05555555555555555	
0	0	2	0	2		45	5000	4	0.4	1.0	1	-1	0	0	0	0	1	1.01	0	0	0	0	0.8500	0.1500	0.2	0.175	0	0	10	13	1.935	0.9	1	0	0	0	2		0.1	0.1		0	5	2019-12-01 00:28:55.772528	2019-12-01 00:28:57.319383	0:00:01.546855	0.6758333333333333	1.0	1.0	0.16666666666666666	0.1	
0	0	1	0	1		40	5000	4	0.5	1.0	1	-1	0	0	0	0	1	1.01	0	0	0	0	0.8400	0.1600	0.2	0.175	0.5	5	5	13	1.940	0.9	1	0	0	0	2		0.1	0.5		1	6	2019-12-01 00:28:55.771527	2019-12-01 00:28:57.360274	0:00:01.588747	0.8333333333333333	1.0	1.0	0.16666666666666666	0	
0	0	3	0	3		40	5000	4	0.5	1.0	1	-1	0	0	0	0	1	1.01	0	0	0	0	0.8550	0.1450	0.205	0.175	0.5	5	5	14	1.935	0.9	1	0	0	0	8		0.1	0.2		1	6	2019-12-01 00:28:55.774516	2019-12-01 00:28:57.396178	0:00:01.621662	0.8291666666666666	1.0	1.0	0.16666666666666666	0	
0	0	1	0	1		40	5000	4	0.5	1.0	1	-1	0	0	0	0	1	1.01	0	0	0	0	0.8400	0.1600	0.2	0.175	0.5	5	5	13	1.940	0.9	1	0	0	0	2		0.1	0.5		1	7	2019-12-01 00:28:55.771527	2019-12-01 00:28:57.587666	0:00:01.816139	0.8333333333333333	1.0	1.0	0.16666666666666666	0	
0	0	4	0	4		35	5000	4	0.5	1.0	0	0	0.01	0.01	0.09	0.09	1	1.01	0	0	0	0	0.8600	0.1400	0.205	0.175	0	0	10	13	1.930	0.9	1	0	0	0	8		0.1	0.7		0	6	2019-12-01 00:28:56.055763	2019-12-01 00:28:57.597639	0:00:01.541876	0.6716666666666666	1.0	1.0	0.16666666666666666	0.1	
0	0	0	0	0		50	5000	4	0.5	1.0	1	-1	0	0	0	0	1	1.01	0	0	0	0	0.8300	0.1700	0.2	0.175	0	0	10	13	1.940	0.9	1	0	0	0	1		0.1	0.7		0	4	2019-12-01 00:28:55.768533	2019-12-01 00:28:57.597639	0:00:01.829106	0.6758333333333333	1.0	1.0	0.16666666666666666	0.1	
0	0	3	0	3		40	5000	4	0.5	1.0	1	-1	0	0	0	0	1	1.01	0	0	0	0	0.8550	0.1450	0.205	0.175	0.5	5	5	14	1.935	0.9	1	0	0	0	8		0.1	0.2		1	7	2019-12-01 00:28:55.774516	2019-12-01 00:28:57.639527	0:00:01.865011	0.8291666666666666	1.0	1.0	0.16666666666666666	0	
0	0	2	0	2		45	5000	4	0.4	1.0	1	-1	0	0	0	0	1	1.01	0	0	0	0	0.8500	0.1500	0.2	0.175	0	0	10	13	1.935	0.9	1	0	0	0	2		0.1	0.1		0	6	2019-12-01 00:28:55.772528	2019-12-01 00:28:57.713330	0:00:01.940802	0.6758333333333333	1.0	1.0	0.16666666666666666	0.1	
0	0	1	0	1		40	5000	4	0.5	1.0	1	-1	0	0	0	0	1	1.01	0	0	0	0	0.8400	0.1600	0.2	0.175	0.5	5	5	13	1.940	0.9	1	0	0	0	2		0.1	0.5		1	8	2019-12-01 00:28:55.771527	2019-12-01 00:28:57.872903	0:00:02.101376	0.8333333333333333	1.0	1.0	0.16666666666666666	0	
0	0	4	0	4		35	5000	4	0.5	1.0	0	0	0.01	0.01	0.09	0.09	1	1.01	0	0	0	0	0.8600	0.1400	0.205	0.175	0	0	10	13	1.930	0.9	1	0	0	0	8		0.1	0.7		0	7	2019-12-01 00:28:56.055763	2019-12-01 00:28:57.878887	0:00:01.823124	0.6716666666666666	1.0	1.0	0.16666666666666666	0.1	
0	0	2	0	2		45	5000	4	0.4	1.0	1	-1	0	0	0	0	1	1.01	0	0	0	0	0.8500	0.1500	0.2	0.175	0	0	10	13	1.935	0.9	1	0	0	0	2		0.1	0.1		0	7	2019-12-01 00:28:55.772528	2019-12-01 00:28:57.939724	0:00:02.167196	0.6758333333333333	1.0	1.0	0.16666666666666666	0.1	
0	0	0	0	0		50	5000	4	0.5	1.0	1	-1	0	0	0	0	1	1.01	0	0	0	0	0.8300	0.1700	0.2	0.175	0	0	10	13	1.940	0.9	1	0	0	0	1		0.1	0.7		0	5	2019-12-01 00:28:55.768533	2019-12-01 00:28:57.982609	0:00:02.214076	0.6758333333333333	1.0	1.0	0.16666666666666666	0.1	
0	0	3	0	3		40	5000	4	0.5	1.0	1	-1	0	0	0	0	1	1.01	0	0	0	0	0.8550	0.1450	0.205	0.175	0.5	5	5	14	1.935	0.9	1	0	0	0	8		0.1	0.2		1	8	2019-12-01 00:28:55.774516	2019-12-01 00:28:57.984604	0:00:02.210088	0.8291666666666666	1.0	1.0	0.16666666666666666	0	
0	0	1	0	1		40	5000	4	0.5	1.0	1	-1	0	0	0	0	1	1.01	0	0	0	0	0.8400	0.1600	0.2	0.175	0.5	5	5	13	1.940	0.9	1	0	0	0	2		0.1	0.5		1	9	2019-12-01 00:28:55.771527	2019-12-01 00:28:58.128220	0:00:02.356693	0.8333333333333333	1.0	1.0	0.16666666666666666	0	
0	0	3	0	3		40	5000	4	0.5	1.0	1	-1	0	0	0	0	1	1.01	0	0	0	0	0.8550	0.1450	0.205	0.175	0.5	5	5	14	1.935	0.9	1	0	0	0	8		0.1	0.2		1	9	2019-12-01 00:28:55.774516	2019-12-01 00:28:58.174097	0:00:02.399581	0.8291666666666666	1.0	1.0	0.16666666666666666	0	
0	0	4	0	4		35	5000	4	0.5	1.0	0	0	0.01	0.01	0.09	0.09	1	1.01	0	0	0	0	0.8600	0.1400	0.205	0.175	0	0	10	13	1.930	0.9	1	0	0	0	8		0.1	0.7		0	8	2019-12-01 00:28:56.055763	2019-12-01 00:28:58.199030	0:00:02.143267	0.6716666666666666	1.0	1.0	0.16666666666666666	0.1	
0	0	2	0	2		45	5000	4	0.4	1.0	1	-1	0	0	0	0	1	1.01	0	0	0	0	0.8500	0.1500	0.2	0.175	0	0	10	13	1.935	0.9	1	0	0	0	2		0.1	0.1		0	8	2019-12-01 00:28:55.772528	2019-12-01 00:28:58.287793	0:00:02.515265	0.6758333333333333	1.0	1.0	0.16666666666666666	0.1	
0	0	1	0	1		40	5000	4	0.5	1.0	1	-1	0	0	0	0	1	1.01	0	0	0	0	0.8400	0.1600	0.2	0.175	0.5	5	5	13	1.940	0.9	1	0	0	0	2		0.1	0.5		1	10	2019-12-01 00:28:55.771527	2019-12-01 00:28:58.373563	0:00:02.602036	0.6758333333333333	1.0	1.0	0.16666666666666666	0.1	
0	0	0	0	0		50	5000	4	0.5	1.0	1	-1	0	0	0	0	1	1.01	0	0	0	0	0.8300	0.1700	0.2	0.175	0	0	10	13	1.940	0.9	1	0	0	0	1		0.1	0.7		0	6	2019-12-01 00:28:55.768533	2019-12-01 00:28:58.414454	0:00:02.645921	0.6758333333333333	1.0	1.0	0.16666666666666666	0.1	
0	0	4	0	4		35	5000	4	0.5	1.0	0	0	0.01	0.01	0.09	0.09	1	1.01	0	0	0	0	0.8600	0.1400	0.205	0.175	0	0	10	13	1.930	0.9	1	0	0	0	8		0.1	0.7		0	9	2019-12-01 00:28:56.055763	2019-12-01 00:28:58.428417	0:00:02.372654	0.6716666666666666	1.0	1.0	0.16666666666666666	0.1	
0	0	3	0	3		40	5000	4	0.5	1.0	1	-1	0	0	0	0	1	1.01	0	0	0	0	0.8550	0.1450	0.205	0.175	0.5	5	5	14	1.935	0.9	1	0	0	0	8		0.1	0.2		1	10	2019-12-01 00:28:55.774516	2019-12-01 00:28:58.496235	0:00:02.721719	0.6716666666666666	1.0	1.0	0.16666666666666666	0.1	
0	0	1	0	1		40	5000	4	0.5	1.0	1	-1	0	0	0	0	1	1.01	0	0	0	0	0.8400	0.1600	0.2	0.175	0.5	5	5	13	1.940	0.9	1	0	0	0	2		0.1	0.5		1	11	2019-12-01 00:28:55.771527	2019-12-01 00:28:58.598961	0:00:02.827434	0.6758333333333333	1.0	1.0	0.16666666666666666	0.1	
0	0	4	0	4		35	5000	4	0.5	1.0	0	0	0.01	0.01	0.09	0.09	1	1.01	0	0	0	0	0.8600	0.1400	0.205	0.175	0	0	10	13	1.930	0.9	1	0	0	0	8		0.1	0.7		0	10	2019-12-01 00:28:56.055763	2019-12-01 00:28:58.612923	0:00:02.557160	0.6716666666666666	1.0	1.0	0.16666666666666666	0.1	
0	0	2	0	2		45	5000	4	0.4	1.0	1	-1	0	0	0	0	1	1.01	0	0	0	0	0.8500	0.1500	0.2	0.175	0	0	10	13	1.935	0.9	1	0	0	0	2		0.1	0.1		0	9	2019-12-01 00:28:55.772528	2019-12-01 00:28:58.647830	0:00:02.875302	0.6758333333333333	1.0	1.0	0.16666666666666666	0.1	
0	0	3	0	3		40	5000	4	0.5	1.0	1	-1	0	0	0	0	1	1.01	0	0	0	0	0.8550	0.1450	0.205	0.175	0.5	5	5	14	1.935	0.9	1	0	0	0	8		0.1	0.2		1	11	2019-12-01 00:28:55.774516	2019-12-01 00:28:58.679745	0:00:02.905229	0.6716666666666666	1.0	1.0	0.16666666666666666	0.1	
0	0	0	0	0		50	5000	4	0.5	1.0	1	-1	0	0	0	0	1	1.01	0	0	0	0	0.8300	0.1700	0.2	0.175	0	0	10	13	1.940	0.9	1	0	0	0	1		0.1	0.7		0	7	2019-12-01 00:28:55.768533	2019-12-01 00:28:58.756539	0:00:02.988006	0.6758333333333333	1.0	1.0	0.16666666666666666	0.1	
0	0	4	0	4		35	5000	4	0.5	1.0	0	0	0.01	0.01	0.09	0.09	1	1.01	0	0	0	0	0.8600	0.1400	0.205	0.175	0	0	10	13	1.930	0.9	1	0	0	0	8		0.1	0.7		0	11	2019-12-01 00:28:56.055763	2019-12-01 00:28:58.804410	0:00:02.748647	0.6716666666666666	1.0	1.0	0.16666666666666666	0.1	
0	0	3	0	3		40	5000	4	0.5	1.0	1	-1	0	0	0	0	1	1.01	0	0	0	0	0.8550	0.1450	0.205	0.175	0.5	5	5	14	1.935	0.9	1	0	0	0	8		0.1	0.2		1	12	2019-12-01 00:28:55.774516	2019-12-01 00:28:58.848293	0:00:03.073777	0.6716666666666666	1.0	1.0	0.16666666666666666	0.1	
0	0	1	0	1		40	5000	4	0.5	1.0	1	-1	0	0	0	0	1	1.01	0	0	0	0	0.8400	0.1600	0.2	0.175	0.5	5	5	13	1.940	0.9	1	0	0	0	2		0.1	0.5		1	12	2019-12-01 00:28:55.771527	2019-12-01 00:28:58.882203	0:00:03.110676	0.6758333333333333	1.0	1.0	0.16666666666666666	0.1	
0	0	4	0	4		35	5000	4	0.5	1.0	0	0	0.01	0.01	0.09	0.09	1	1.01	0	0	0	0	0.8600	0.1400	0.205	0.175	0	0	10	13	1.930	0.9	1	0	0	0	8		0.1	0.7		0	12	2019-12-01 00:28:56.055763	2019-12-01 00:28:58.949024	0:00:02.893261	0.6716666666666666	1.0	1.0	0.16666666666666666	0.1	
0	0	2	0	2		45	5000	4	0.4	1.0	1	-1	0	0	0	0	1	1.01	0	0	0	0	0.8500	0.1500	0.2	0.175	0	0	10	13	1.935	0.9	1	0	0	0	2		0.1	0.1		0	10	2019-12-01 00:28:55.772528	2019-12-01 00:28:59.039782	0:00:03.267254	0.6758333333333333	1.0	1.0	0.16666666666666666	0.1	
0	0	1	0	1		40	5000	4	0.5	1.0	1	-1	0	0	0	0	1	1.01	0	0	0	0	0.8400	0.1600	0.2	0.175	0.5	5	5	13	1.940	0.9	1	0	0	0	2		0.1	0.5		1	13	2019-12-01 00:28:55.771527	2019-12-01 00:28:59.053744	0:00:03.282217	0.6758333333333333	1.0	1.0	0.16666666666666666	0.1	
0	0	3	0	3		40	5000	4	0.5	1.0	1	-1	0	0	0	0	1	1.01	0	0	0	0	0.8550	0.1450	0.205	0.175	0.5	5	5	14	1.935	0.9	1	0	0	0	8		0.1	0.2		1	13	2019-12-01 00:28:55.774516	2019-12-01 00:28:59.101616	0:00:03.327100	0.6716666666666666	1.0	1.0	0.16666666666666666	0.1	
0	0	4	0	4		35	5000	4	0.5	1.0	0	0	0.01	0.01	0.09	0.09	1	1.01	0	0	0	0	0.8600	0.1400	0.205	0.175	0	0	10	13	1.930	0.9	1	0	0	0	8		0.1	0.7		0	13	2019-12-01 00:28:56.055763	2019-12-01 00:28:59.159461	0:00:03.103698	0.6716666666666666	1.0	1.0	0.16666666666666666	0.1	
0	0	0	0	0		50	5000	4	0.5	1.0	1	-1	0	0	0	0	1	1.01	0	0	0	0	0.8300	0.1700	0.2	0.175	0	0	10	13	1.940	0.9	1	0	0	0	1		0.1	0.7		0	8	2019-12-01 00:28:55.768533	2019-12-01 00:28:59.181402	0:00:03.412869	0.6758333333333333	1.0	1.0	0.16666666666666666	0.1	
0	0	2	0	2		45	5000	4	0.4	1.0	1	-1	0	0	0	0	1	1.01	0	0	0	0	0.8500	0.1500	0.2	0.175	0	0	10	13	1.935	0.9	1	0	0	0	2		0.1	0.1		0	11	2019-12-01 00:28:55.772528	2019-12-01 00:28:59.223291	0:00:03.450763	0.6758333333333333	1.0	1.0	0.16666666666666666	0.1	
0	0	3	0	3		40	5000	4	0.5	1.0	1	-1	0	0	0	0	1	1.01	0	0	0	0	0.8550	0.1450	0.205	0.175	0.5	5	5	14	1.935	0.9	1	0	0	0	8		0.1	0.2		1	14	2019-12-01 00:28:55.774516	2019-12-01 00:28:59.316042	0:00:03.541526	0.6716666666666666	1.0	1.0	0.16666666666666666	0.1	
0	0	4	0	4		35	5000	4	0.5	1.0	0	0	0.01	0.01	0.09	0.09	1	1.01	0	0	0	0	0.8600	0.1400	0.205	0.175	0	0	10	13	1.930	0.9	1	0	0	0	8		0.1	0.7		0	14	2019-12-01 00:28:56.055763	2019-12-01 00:28:59.334992	0:00:03.279229	0.6716666666666666	1.0	1.0	0.16666666666666666	0.1	
0	0	1	0	1		40	5000	4	0.5	1.0	1	-1	0	0	0	0	1	1.01	0	0	0	0	0.8400	0.1600	0.2	0.175	0.5	5	5	13	1.940	0.9	1	0	0	0	2		0.1	0.5		1	14	2019-12-01 00:28:55.771527	2019-12-01 00:28:59.440709	0:00:03.669182	0.6758333333333333	1.0	1.0	0.16666666666666666	0.1	
0	0	0	0	0		50	5000	4	0.5	1.0	1	-1	0	0	0	0	1	1.01	0	0	0	0	0.8300	0.1700	0.2	0.175	0	0	10	13	1.940	0.9	1	0	0	0	1		0.1	0.7		0	9	2019-12-01 00:28:55.768533	2019-12-01 00:28:59.493567	0:00:03.725034	0.6758333333333333	1.0	1.0	0.16666666666666666	0.1	
0	0	3	0	3		40	5000	4	0.5	1.0	1	-1	0	0	0	0	1	1.01	0	0	0	0	0.8550	0.1450	0.205	0.175	0.5	5	5	14	1.935	0.9	1	0	0	0	8		0.1	0.2		1	15	2019-12-01 00:28:55.774516	2019-12-01 00:28:59.523488	0:00:03.748972	0.6716666666666666	1.0	1.0	0.16666666666666666	0.1	
0	0	4	0	4		35	5000	4	0.5	1.0	0	0	0.01	0.01	0.09	0.09	1	1.01	0	0	0	0	0.8600	0.1400	0.205	0.175	0	0	10	13	1.930	0.9	1	0	0	0	8		0.1	0.7		0	15	2019-12-01 00:28:56.055763	2019-12-01 00:28:59.569366	0:00:03.513603	0.6716666666666666	1.0	1.0	0.16666666666666666	0.1	
0	0	2	0	2		45	5000	4	0.4	1.0	1	-1	0	0	0	0	1	1.01	0	0	0	0	0.8500	0.1500	0.2	0.175	0	0	10	13	1.935	0.9	1	0	0	0	2		0.1	0.1		0	12	2019-12-01 00:28:55.772528	2019-12-01 00:28:59.656133	0:00:03.883605	0.6758333333333333	1.0	1.0	0.16666666666666666	0.1	
0	0	1	0	1		40	5000	4	0.5	1.0	1	-1	0	0	0	0	1	1.01	0	0	0	0	0.8400	0.1600	0.2	0.175	0.5	5	5	13	1.940	0.9	1	0	0	0	2		0.1	0.5		1	15	2019-12-01 00:28:55.771527	2019-12-01 00:28:59.708991	0:00:03.937464	0.6758333333333333	1.0	1.0	0.16666666666666666	0.1	
0	0	3	0	3		40	5000	4	0.5	1.0	1	-1	0	0	0	0	1	1.01	0	0	0	0	0.8550	0.1450	0.205	0.175	0.5	5	5	14	1.935	0.9	1	0	0	0	8		0.1	0.2		1	16	2019-12-01 00:28:55.774516	2019-12-01 00:28:59.765839	0:00:03.991323	0.6716666666666666	1.0	1.0	0.16666666666666666	0.1	
0	0	4	0	4		35	5000	4	0.5	1.0	0	0	0.01	0.01	0.09	0.09	1	1.01	0	0	0	0	0.8600	0.1400	0.205	0.175	0	0	10	13	1.930	0.9	1	0	0	0	8		0.1	0.7		0	16	2019-12-01 00:28:56.055763	2019-12-01 00:28:59.793764	0:00:03.738001	0.6716666666666666	1.0	1.0	0.16666666666666666	0.1	
0	0	0	0	0		50	5000	4	0.5	1.0	1	-1	0	0	0	0	1	1.01	0	0	0	0	0.8300	0.1700	0.2	0.175	0	0	10	13	1.940	0.9	1	0	0	0	1		0.1	0.7		0	10	2019-12-01 00:28:55.768533	2019-12-01 00:28:59.841636	0:00:04.073103	0.6758333333333333	1.0	1.0	0.16666666666666666	0.1	
0	0	2	0	2		45	5000	4	0.4	1.0	1	-1	0	0	0	0	1	1.01	0	0	0	0	0.8500	0.1500	0.2	0.175	0	0	10	13	1.935	0.9	1	0	0	0	2		0.1	0.1		0	13	2019-12-01 00:28:55.772528	2019-12-01 00:28:59.851610	0:00:04.079082	0.6758333333333333	1.0	1.0	0.16666666666666666	0.1	
0	0	1	0	1		40	5000	4	0.5	1.0	1	-1	0	0	0	0	1	1.01	0	0	0	0	0.8400	0.1600	0.2	0.175	0.5	5	5	13	1.940	0.9	1	0	0	0	2		0.1	0.5		1	16	2019-12-01 00:28:55.771527	2019-12-01 00:28:59.882528	0:00:04.111001	0.6758333333333333	1.0	1.0	0.16666666666666666	0.1	
0	0	4	0	4		35	5000	4	0.5	1.0	0	0	0.01	0.01	0.09	0.09	1	1.01	0	0	0	0	0.8600	0.1400	0.205	0.175	0	0	10	13	1.930	0.9	1	0	0	0	8		0.1	0.7		0	17	2019-12-01 00:28:56.055763	2019-12-01 00:28:59.952341	0:00:03.896578	0.6716666666666666	1.0	1.0	0.16666666666666666	0.1	
0	0	2	0	2		45	5000	4	0.4	1.0	1	-1	0	0	0	0	1	1.01	0	0	0	0	0.8500	0.1500	0.2	0.175	0	0	10	13	1.935	0.9	1	0	0	0	2		0.1	0.1		0	14	2019-12-01 00:28:55.772528	2019-12-01 00:29:00.042101	0:00:04.269573	0.6758333333333333	1.0	1.0	0.16666666666666666	0.1	
0	0	0	0	0		50	5000	4	0.5	1.0	1	-1	0	0	0	0	1	1.01	0	0	0	0	0.8300	0.1700	0.2	0.175	0	0	10	13	1.940	0.9	1	0	0	0	1		0.1	0.7		0	11	2019-12-01 00:28:55.768533	2019-12-01 00:29:00.124879	0:00:04.356346	0.6758333333333333	1.0	1.0	0.16666666666666666	0.1	
0	0	0	0	0		50	5000	4	0.5	1.0	1	-1	0	0	0	0	1	1.01	0	0	0	0	0.8300	0.1700	0.2	0.175	0	0	10	13	1.940	0.9	1	0	0	0	1		0.1	0.7		0	12	2019-12-01 00:28:55.768533	2019-12-01 00:29:00.384185	0:00:04.615652	0.6758333333333333	1.0	1.0	0.16666666666666666	0.1	
0	0	0	0	0		50	5000	4	0.5	1.0	1	-1	0	0	0	0	1	1.01	0	0	0	0	0.8300	0.1700	0.2	0.175	0	0	10	13	1.940	0.9	1	0	0	0	1		0.1	0.7		0	13	2019-12-01 00:28:55.768533	2019-12-01 00:29:00.608585	0:00:04.840052	0.6758333333333333	1.0	1.0	0.16666666666666666	0.1	
0	0	0	0	0		50	5000	4	0.5	1.0	1	-1	0	0	0	0	1	1.01	0	0	0	0	0.8300	0.1700	0.2	0.175	0	0	10	13	1.940	0.9	1	0	0	0	1		0.1	0.7		0	14	2019-12-01 00:28:55.768533	2019-12-01 00:29:00.737242	0:00:04.968709	0.6758333333333333	1.0	1.0	0.16666666666666666	0.1	
